[
    {
        "ID": "lap26_aspect_va_dev_1",
        "Aspect_VA": [
            {
                "Aspect": "NULL",
                "VA": "7.77#7.66"
            }
        ]
    },
    {
        "ID": "lap26_aspect_va_dev_2",
        "Aspect_VA": [
            {
                "Aspect": "NULL",
                "VA": "3.12#6.53"
            }
        ]
    },
    {
        "ID": "lap26_aspect_va_dev_3",
        "Aspect_VA": [
            {
                "Aspect": "NULL",
                "VA": "5.51#6.00"
            }
        ]
    },
    {
        "ID": "lap26_aspect_va_dev_4",
        "Aspect_VA": [
            {
                "Aspect": "NULL",
                "VA": "5.98#6.25"
            }
        ]
    },
    {
        "ID": "lap26_aspect_va_dev_5",
        "Aspect_VA": [
            {
                "Aspect": "NULL",
                "VA": "7.72#7.65"
            }
        ]
    },
    {
        "ID": "lap26_aspect_va_dev_6",
        "Aspect_VA": [
            {
                "Aspect": "NULL",
                "VA": "7.94#7.86"
            }
        ]
    },
    {
        "ID": "lap26_aspect_va_dev_7",
        "Aspect_VA": [
            {
                "Aspect": "NULL",
                "VA": "8.07#8.03"
            }
        ]
    },
    {
        "ID": "lap26_aspect_va_dev_8",
        "Aspect_VA": [
            {
                "Aspect": "NULL",
                "VA": "7.67#7.58"
            }
        ]
    },
    {
        "ID": "lap26_aspect_va_dev_9",
        "Aspect_VA": [
            {
                "Aspect": "NULL",
                "VA": "8.03#8.00"
            }
        ]
    },
    {
        "ID": "lap26_aspect_va_dev_10",
        "Aspect_VA": [
            {
                "Aspect": "NULL",
                "VA": "7.95#7.87"
            }
        ]
    },
    {
        "ID": "lap26_aspect_va_dev_11",
        "Aspect_VA": [
            {
                "Aspect": "NULL",
                "VA": "7.82#7.76"
            }
        ]
    },
    {
        "ID": "lap26_aspect_va_dev_12",
        "Aspect_VA": [
            {
                "Aspect": "NULL",
                "VA": "6.38#6.52"
            }
        ]
    },
    {
        "ID": "lap26_aspect_va_dev_13",
        "Aspect_VA": [
            {
                "Aspect": "NULL",
                "VA": "6.72#6.77"
            }
        ]
    },
    {
        "ID": "lap26_aspect_va_dev_14",
        "Aspect_VA": [
            {
                "Aspect": "NULL",
                "VA": "8.05#7.96"
            }
        ]
    },
    {
        "ID": "lap26_aspect_va_dev_15",
        "Aspect_VA": [
            {
                "Aspect": "NULL",
                "VA": "5.88#6.15"
            }
        ]
    },
    {
        "ID": "lap26_aspect_va_dev_16",
        "Aspect_VA": [
            {
                "Aspect": "NULL",
                "VA": "7.72#7.67"
            }
        ]
    },
    {
        "ID": "lap26_aspect_va_dev_17",
        "Aspect_VA": [
            {
                "Aspect": "NULL",
                "VA": "4.99#5.95"
            }
        ]
    },
    {
        "ID": "lap26_aspect_va_dev_18",
        "Aspect_VA": [
            {
                "Aspect": "NULL",
                "VA": "3.19#6.52"
            }
        ]
    },
    {
        "ID": "lap26_aspect_va_dev_19",
        "Aspect_VA": [
            {
                "Aspect": "NULL",
                "VA": "7.43#7.38"
            }
        ]
    },
    {
        "ID": "lap26_aspect_va_dev_20",
        "Aspect_VA": [
            {
                "Aspect": "NULL",
                "VA": "8.05#8.04"
            }
        ]
    },
    {
        "ID": "lap26_aspect_va_dev_21",
        "Aspect_VA": [
            {
                "Aspect": "NULL",
                "VA": "7.46#7.43"
            }
        ]
    },
    {
        "ID": "lap26_aspect_va_dev_22",
        "Aspect_VA": [
            {
                "Aspect": "NULL",
                "VA": "6.93#6.91"
            }
        ]
    },
    {
        "ID": "lap26_aspect_va_dev_23",
        "Aspect_VA": [
            {
                "Aspect": "NULL",
                "VA": "6.90#6.90"
            }
        ]
    },
    {
        "ID": "lap26_aspect_va_dev_24",
        "Aspect_VA": [
            {
                "Aspect": "NULL",
                "VA": "7.91#7.78"
            }
        ]
    },
    {
        "ID": "lap26_aspect_va_dev_25",
        "Aspect_VA": [
            {
                "Aspect": "NULL",
                "VA": "8.05#8.00"
            }
        ]
    },
    {
        "ID": "lap26_aspect_va_dev_26",
        "Aspect_VA": [
            {
                "Aspect": "NULL",
                "VA": "8.07#8.04"
            }
        ]
    },
    {
        "ID": "lap26_aspect_va_dev_27",
        "Aspect_VA": [
            {
                "Aspect": "NULL",
                "VA": "7.66#7.57"
            }
        ]
    },
    {
        "ID": "lap26_aspect_va_dev_28",
        "Aspect_VA": [
            {
                "Aspect": "NULL",
                "VA": "3.11#6.54"
            }
        ]
    },
    {
        "ID": "lap26_aspect_va_dev_29",
        "Aspect_VA": [
            {
                "Aspect": "NULL",
                "VA": "5.01#5.74"
            }
        ]
    },
    {
        "ID": "lap26_aspect_va_dev_30",
        "Aspect_VA": [
            {
                "Aspect": "NULL",
                "VA": "4.54#5.79"
            }
        ]
    },
    {
        "ID": "lap26_aspect_va_dev_31",
        "Aspect_VA": [
            {
                "Aspect": "NULL",
                "VA": "3.13#6.52"
            }
        ]
    },
    {
        "ID": "lap26_aspect_va_dev_32",
        "Aspect_VA": [
            {
                "Aspect": "NULL",
                "VA": "8.07#8.05"
            }
        ]
    },
    {
        "ID": "lap26_aspect_va_dev_33",
        "Aspect_VA": [
            {
                "Aspect": "NULL",
                "VA": "7.41#7.34"
            }
        ]
    },
    {
        "ID": "lap26_aspect_va_dev_34",
        "Aspect_VA": [
            {
                "Aspect": "NULL",
                "VA": "8.08#8.05"
            }
        ]
    },
    {
        "ID": "lap26_aspect_va_dev_35",
        "Aspect_VA": [
            {
                "Aspect": "NULL",
                "VA": "8.05#8.00"
            }
        ]
    },
    {
        "ID": "lap26_aspect_va_dev_36",
        "Aspect_VA": [
            {
                "Aspect": "NULL",
                "VA": "7.39#7.34"
            }
        ]
    },
    {
        "ID": "lap26_aspect_va_dev_37",
        "Aspect_VA": [
            {
                "Aspect": "NULL",
                "VA": "7.65#7.54"
            }
        ]
    },
    {
        "ID": "lap26_aspect_va_dev_38",
        "Aspect_VA": [
            {
                "Aspect": "NULL",
                "VA": "7.75#7.65"
            }
        ]
    },
    {
        "ID": "lap26_aspect_va_dev_39",
        "Aspect_VA": [
            {
                "Aspect": "NULL",
                "VA": "7.98#7.89"
            }
        ]
    },
    {
        "ID": "lap26_aspect_va_dev_40",
        "Aspect_VA": [
            {
                "Aspect": "NULL",
                "VA": "8.04#8.00"
            }
        ]
    },
    {
        "ID": "lap26_aspect_va_dev_41",
        "Aspect_VA": [
            {
                "Aspect": "NULL",
                "VA": "6.88#6.90"
            }
        ]
    },
    {
        "ID": "lap26_aspect_va_dev_42",
        "Aspect_VA": [
            {
                "Aspect": "NULL",
                "VA": "7.75#7.72"
            }
        ]
    },
    {
        "ID": "lap26_aspect_va_dev_43",
        "Aspect_VA": [
            {
                "Aspect": "NULL",
                "VA": "8.06#8.00"
            }
        ]
    },
    {
        "ID": "lap26_aspect_va_dev_44",
        "Aspect_VA": [
            {
                "Aspect": "NULL",
                "VA": "7.70#7.61"
            }
        ]
    },
    {
        "ID": "lap26_aspect_va_dev_45",
        "Aspect_VA": [
            {
                "Aspect": "NULL",
                "VA": "8.06#8.02"
            }
        ]
    },
    {
        "ID": "lap26_aspect_va_dev_46",
        "Aspect_VA": [
            {
                "Aspect": "NULL",
                "VA": "3.12#6.51"
            }
        ]
    },
    {
        "ID": "lap26_aspect_va_dev_47",
        "Aspect_VA": [
            {
                "Aspect": "NULL",
                "VA": "7.42#7.35"
            }
        ]
    },
    {
        "ID": "lap26_aspect_va_dev_48",
        "Aspect_VA": [
            {
                "Aspect": "NULL",
                "VA": "7.46#7.42"
            }
        ]
    },
    {
        "ID": "lap26_aspect_va_dev_49",
        "Aspect_VA": [
            {
                "Aspect": "NULL",
                "VA": "7.27#7.23"
            }
        ]
    },
    {
        "ID": "lap26_aspect_va_dev_50",
        "Aspect_VA": [
            {
                "Aspect": "NULL",
                "VA": "6.52#6.62"
            }
        ]
    },
    {
        "ID": "lap26_aspect_va_dev_51",
        "Aspect_VA": [
            {
                "Aspect": "NULL",
                "VA": "7.22#7.16"
            }
        ]
    },
    {
        "ID": "lap26_aspect_va_dev_52",
        "Aspect_VA": [
            {
                "Aspect": "NULL",
                "VA": "3.13#6.44"
            }
        ]
    },
    {
        "ID": "lap26_aspect_va_dev_53",
        "Aspect_VA": [
            {
                "Aspect": "NULL",
                "VA": "3.51#6.53"
            }
        ]
    },
    {
        "ID": "lap26_aspect_va_dev_54",
        "Aspect_VA": [
            {
                "Aspect": "NULL",
                "VA": "6.11#6.43"
            }
        ]
    },
    {
        "ID": "lap26_aspect_va_dev_55",
        "Aspect_VA": [
            {
                "Aspect": "NULL",
                "VA": "6.76#6.84"
            }
        ]
    },
    {
        "ID": "lap26_aspect_va_dev_56",
        "Aspect_VA": [
            {
                "Aspect": "NULL",
                "VA": "7.00#6.97"
            }
        ]
    },
    {
        "ID": "lap26_aspect_va_dev_57",
        "Aspect_VA": [
            {
                "Aspect": "NULL",
                "VA": "5.78#6.32"
            }
        ]
    },
    {
        "ID": "lap26_aspect_va_dev_58",
        "Aspect_VA": [
            {
                "Aspect": "NULL",
                "VA": "7.68#7.59"
            }
        ]
    },
    {
        "ID": "lap26_aspect_va_dev_59",
        "Aspect_VA": [
            {
                "Aspect": "NULL",
                "VA": "7.98#7.88"
            }
        ]
    },
    {
        "ID": "lap26_aspect_va_dev_60",
        "Aspect_VA": [
            {
                "Aspect": "NULL",
                "VA": "6.72#6.78"
            }
        ]
    },
    {
        "ID": "lap26_aspect_va_dev_61",
        "Aspect_VA": [
            {
                "Aspect": "NULL",
                "VA": "7.91#7.83"
            }
        ]
    },
    {
        "ID": "lap26_aspect_va_dev_62",
        "Aspect_VA": [
            {
                "Aspect": "NULL",
                "VA": "6.91#6.94"
            }
        ]
    },
    {
        "ID": "lap26_aspect_va_dev_63",
        "Aspect_VA": [
            {
                "Aspect": "NULL",
                "VA": "8.08#8.05"
            }
        ]
    },
    {
        "ID": "lap26_aspect_va_dev_64",
        "Aspect_VA": [
            {
                "Aspect": "NULL",
                "VA": "4.41#5.82"
            }
        ]
    },
    {
        "ID": "lap26_aspect_va_dev_65",
        "Aspect_VA": [
            {
                "Aspect": "NULL",
                "VA": "7.64#7.55"
            }
        ]
    },
    {
        "ID": "lap26_aspect_va_dev_66",
        "Aspect_VA": [
            {
                "Aspect": "NULL",
                "VA": "8.03#7.98"
            }
        ]
    },
    {
        "ID": "lap26_aspect_va_dev_67",
        "Aspect_VA": [
            {
                "Aspect": "NULL",
                "VA": "8.05#8.01"
            }
        ]
    },
    {
        "ID": "lap26_aspect_va_dev_68",
        "Aspect_VA": [
            {
                "Aspect": "NULL",
                "VA": "4.94#5.79"
            }
        ]
    },
    {
        "ID": "lap26_aspect_va_dev_69",
        "Aspect_VA": [
            {
                "Aspect": "NULL",
                "VA": "7.30#7.27"
            }
        ]
    },
    {
        "ID": "lap26_aspect_va_dev_70",
        "Aspect_VA": [
            {
                "Aspect": "NULL",
                "VA": "4.26#5.87"
            }
        ]
    },
    {
        "ID": "lap26_aspect_va_dev_71",
        "Aspect_VA": [
            {
                "Aspect": "NULL",
                "VA": "6.43#6.53"
            }
        ]
    },
    {
        "ID": "lap26_aspect_va_dev_72",
        "Aspect_VA": [
            {
                "Aspect": "NULL",
                "VA": "8.04#7.98"
            }
        ]
    },
    {
        "ID": "lap26_aspect_va_dev_73",
        "Aspect_VA": [
            {
                "Aspect": "NULL",
                "VA": "7.67#7.57"
            }
        ]
    },
    {
        "ID": "lap26_aspect_va_dev_74",
        "Aspect_VA": [
            {
                "Aspect": "NULL",
                "VA": "6.86#6.90"
            }
        ]
    },
    {
        "ID": "lap26_aspect_va_dev_75",
        "Aspect_VA": [
            {
                "Aspect": "NULL",
                "VA": "8.06#8.04"
            }
        ]
    },
    {
        "ID": "lap26_aspect_va_dev_76",
        "Aspect_VA": [
            {
                "Aspect": "NULL",
                "VA": "7.03#7.00"
            }
        ]
    },
    {
        "ID": "lap26_aspect_va_dev_77",
        "Aspect_VA": [
            {
                "Aspect": "NULL",
                "VA": "8.08#8.06"
            }
        ]
    },
    {
        "ID": "lap26_aspect_va_dev_78",
        "Aspect_VA": [
            {
                "Aspect": "NULL",
                "VA": "8.05#7.99"
            }
        ]
    },
    {
        "ID": "lap26_aspect_va_dev_79",
        "Aspect_VA": [
            {
                "Aspect": "NULL",
                "VA": "6.13#6.36"
            }
        ]
    },
    {
        "ID": "lap26_aspect_va_dev_80",
        "Aspect_VA": [
            {
                "Aspect": "NULL",
                "VA": "3.92#6.02"
            }
        ]
    },
    {
        "ID": "lap26_aspect_va_dev_81",
        "Aspect_VA": [
            {
                "Aspect": "NULL",
                "VA": "7.98#7.85"
            }
        ]
    },
    {
        "ID": "lap26_aspect_va_dev_82",
        "Aspect_VA": [
            {
                "Aspect": "NULL",
                "VA": "4.53#5.76"
            }
        ]
    },
    {
        "ID": "lap26_aspect_va_dev_83",
        "Aspect_VA": [
            {
                "Aspect": "NULL",
                "VA": "7.88#7.81"
            }
        ]
    },
    {
        "ID": "lap26_aspect_va_dev_84",
        "Aspect_VA": [
            {
                "Aspect": "NULL",
                "VA": "7.95#7.87"
            }
        ]
    },
    {
        "ID": "lap26_aspect_va_dev_85",
        "Aspect_VA": [
            {
                "Aspect": "NULL",
                "VA": "8.05#8.04"
            }
        ]
    },
    {
        "ID": "lap26_aspect_va_dev_86",
        "Aspect_VA": [
            {
                "Aspect": "NULL",
                "VA": "4.32#6.21"
            }
        ]
    },
    {
        "ID": "lap26_aspect_va_dev_87",
        "Aspect_VA": [
            {
                "Aspect": "NULL",
                "VA": "7.61#7.51"
            }
        ]
    },
    {
        "ID": "lap26_aspect_va_dev_88",
        "Aspect_VA": [
            {
                "Aspect": "NULL",
                "VA": "7.89#7.80"
            }
        ]
    },
    {
        "ID": "lap26_aspect_va_dev_89",
        "Aspect_VA": [
            {
                "Aspect": "NULL",
                "VA": "8.00#7.91"
            }
        ]
    },
    {
        "ID": "lap26_aspect_va_dev_90",
        "Aspect_VA": [
            {
                "Aspect": "NULL",
                "VA": "4.11#5.92"
            }
        ]
    },
    {
        "ID": "lap26_aspect_va_dev_91",
        "Aspect_VA": [
            {
                "Aspect": "NULL",
                "VA": "8.07#8.08"
            }
        ]
    },
    {
        "ID": "lap26_aspect_va_dev_92",
        "Aspect_VA": [
            {
                "Aspect": "NULL",
                "VA": "5.85#6.14"
            }
        ]
    },
    {
        "ID": "lap26_aspect_va_dev_93",
        "Aspect_VA": [
            {
                "Aspect": "NULL",
                "VA": "5.85#6.12"
            }
        ]
    },
    {
        "ID": "lap26_aspect_va_dev_94",
        "Aspect_VA": [
            {
                "Aspect": "NULL",
                "VA": "3.19#6.56"
            }
        ]
    },
    {
        "ID": "lap26_aspect_va_dev_95",
        "Aspect_VA": [
            {
                "Aspect": "NULL",
                "VA": "8.07#8.09"
            }
        ]
    },
    {
        "ID": "lap26_aspect_va_dev_96",
        "Aspect_VA": [
            {
                "Aspect": "NULL",
                "VA": "8.06#8.05"
            }
        ]
    },
    {
        "ID": "lap26_aspect_va_dev_97",
        "Aspect_VA": [
            {
                "Aspect": "NULL",
                "VA": "3.44#6.28"
            }
        ]
    },
    {
        "ID": "lap26_aspect_va_dev_98",
        "Aspect_VA": [
            {
                "Aspect": "NULL",
                "VA": "7.33#7.27"
            }
        ]
    },
    {
        "ID": "lap26_aspect_va_dev_99",
        "Aspect_VA": [
            {
                "Aspect": "NULL",
                "VA": "4.29#5.88"
            }
        ]
    },
    {
        "ID": "lap26_aspect_va_dev_100",
        "Aspect_VA": [
            {
                "Aspect": "NULL",
                "VA": "6.70#6.74"
            }
        ]
    },
    {
        "ID": "lap26_aspect_va_dev_101",
        "Aspect_VA": [
            {
                "Aspect": "NULL",
                "VA": "5.80#6.14"
            }
        ]
    },
    {
        "ID": "lap26_aspect_va_dev_102",
        "Aspect_VA": [
            {
                "Aspect": "NULL",
                "VA": "8.03#7.93"
            }
        ]
    },
    {
        "ID": "lap26_aspect_va_dev_103",
        "Aspect_VA": [
            {
                "Aspect": "NULL",
                "VA": "5.80#6.34"
            }
        ]
    },
    {
        "ID": "lap26_aspect_va_dev_104",
        "Aspect_VA": [
            {
                "Aspect": "NULL",
                "VA": "3.27#6.43"
            }
        ]
    },
    {
        "ID": "lap26_aspect_va_dev_105",
        "Aspect_VA": [
            {
                "Aspect": "NULL",
                "VA": "3.12#6.55"
            }
        ]
    },
    {
        "ID": "lap26_aspect_va_dev_106",
        "Aspect_VA": [
            {
                "Aspect": "NULL",
                "VA": "7.78#7.69"
            }
        ]
    },
    {
        "ID": "lap26_aspect_va_dev_107",
        "Aspect_VA": [
            {
                "Aspect": "NULL",
                "VA": "7.88#7.77"
            }
        ]
    },
    {
        "ID": "lap26_aspect_va_dev_108",
        "Aspect_VA": [
            {
                "Aspect": "NULL",
                "VA": "3.10#6.52"
            }
        ]
    },
    {
        "ID": "lap26_aspect_va_dev_109",
        "Aspect_VA": [
            {
                "Aspect": "NULL",
                "VA": "3.71#6.07"
            }
        ]
    },
    {
        "ID": "lap26_aspect_va_dev_110",
        "Aspect_VA": [
            {
                "Aspect": "NULL",
                "VA": "8.02#7.96"
            }
        ]
    },
    {
        "ID": "lap26_aspect_va_dev_111",
        "Aspect_VA": [
            {
                "Aspect": "NULL",
                "VA": "7.66#7.59"
            }
        ]
    },
    {
        "ID": "lap26_aspect_va_dev_112",
        "Aspect_VA": [
            {
                "Aspect": "NULL",
                "VA": "7.92#7.83"
            }
        ]
    },
    {
        "ID": "lap26_aspect_va_dev_113",
        "Aspect_VA": [
            {
                "Aspect": "NULL",
                "VA": "3.54#6.17"
            }
        ]
    },
    {
        "ID": "lap26_aspect_va_dev_114",
        "Aspect_VA": [
            {
                "Aspect": "NULL",
                "VA": "8.07#8.04"
            }
        ]
    },
    {
        "ID": "lap26_aspect_va_dev_115",
        "Aspect_VA": [
            {
                "Aspect": "NULL",
                "VA": "7.68#7.59"
            }
        ]
    },
    {
        "ID": "lap26_aspect_va_dev_116",
        "Aspect_VA": [
            {
                "Aspect": "NULL",
                "VA": "3.47#6.26"
            }
        ]
    },
    {
        "ID": "lap26_aspect_va_dev_117",
        "Aspect_VA": [
            {
                "Aspect": "NULL",
                "VA": "7.64#7.58"
            }
        ]
    },
    {
        "ID": "lap26_aspect_va_dev_118",
        "Aspect_VA": [
            {
                "Aspect": "NULL",
                "VA": "7.75#7.64"
            }
        ]
    },
    {
        "ID": "lap26_aspect_va_dev_119",
        "Aspect_VA": [
            {
                "Aspect": "NULL",
                "VA": "3.93#5.98"
            }
        ]
    },
    {
        "ID": "lap26_aspect_va_dev_120",
        "Aspect_VA": [
            {
                "Aspect": "NULL",
                "VA": "3.54#6.27"
            }
        ]
    },
    {
        "ID": "lap26_aspect_va_dev_121",
        "Aspect_VA": [
            {
                "Aspect": "NULL",
                "VA": "8.00#7.99"
            }
        ]
    },
    {
        "ID": "lap26_aspect_va_dev_122",
        "Aspect_VA": [
            {
                "Aspect": "NULL",
                "VA": "5.76#6.26"
            }
        ]
    },
    {
        "ID": "lap26_aspect_va_dev_123",
        "Aspect_VA": [
            {
                "Aspect": "NULL",
                "VA": "7.84#7.75"
            }
        ]
    },
    {
        "ID": "lap26_aspect_va_dev_124",
        "Aspect_VA": [
            {
                "Aspect": "NULL",
                "VA": "3.16#6.54"
            }
        ]
    },
    {
        "ID": "lap26_aspect_va_dev_125",
        "Aspect_VA": [
            {
                "Aspect": "NULL",
                "VA": "4.82#6.25"
            }
        ]
    },
    {
        "ID": "lap26_aspect_va_dev_126",
        "Aspect_VA": [
            {
                "Aspect": "NULL",
                "VA": "3.46#6.33"
            }
        ]
    },
    {
        "ID": "lap26_aspect_va_dev_127",
        "Aspect_VA": [
            {
                "Aspect": "NULL",
                "VA": "8.03#7.98"
            }
        ]
    },
    {
        "ID": "lap26_aspect_va_dev_128",
        "Aspect_VA": [
            {
                "Aspect": "NULL",
                "VA": "7.53#7.44"
            }
        ]
    },
    {
        "ID": "lap26_aspect_va_dev_129",
        "Aspect_VA": [
            {
                "Aspect": "NULL",
                "VA": "3.23#6.58"
            }
        ]
    },
    {
        "ID": "lap26_aspect_va_dev_130",
        "Aspect_VA": [
            {
                "Aspect": "NULL",
                "VA": "7.90#7.84"
            }
        ]
    },
    {
        "ID": "lap26_aspect_va_dev_131",
        "Aspect_VA": [
            {
                "Aspect": "NULL",
                "VA": "6.67#6.72"
            }
        ]
    },
    {
        "ID": "lap26_aspect_va_dev_132",
        "Aspect_VA": [
            {
                "Aspect": "NULL",
                "VA": "7.96#7.89"
            }
        ]
    },
    {
        "ID": "lap26_aspect_va_dev_133",
        "Aspect_VA": [
            {
                "Aspect": "NULL",
                "VA": "4.22#5.74"
            }
        ]
    },
    {
        "ID": "lap26_aspect_va_dev_134",
        "Aspect_VA": [
            {
                "Aspect": "NULL",
                "VA": "3.15#6.55"
            }
        ]
    },
    {
        "ID": "lap26_aspect_va_dev_135",
        "Aspect_VA": [
            {
                "Aspect": "NULL",
                "VA": "6.95#7.18"
            }
        ]
    },
    {
        "ID": "lap26_aspect_va_dev_136",
        "Aspect_VA": [
            {
                "Aspect": "NULL",
                "VA": "7.63#7.54"
            }
        ]
    },
    {
        "ID": "lap26_aspect_va_dev_137",
        "Aspect_VA": [
            {
                "Aspect": "NULL",
                "VA": "5.58#6.04"
            }
        ]
    },
    {
        "ID": "lap26_aspect_va_dev_138",
        "Aspect_VA": [
            {
                "Aspect": "NULL",
                "VA": "7.29#7.30"
            }
        ]
    },
    {
        "ID": "lap26_aspect_va_dev_139",
        "Aspect_VA": [
            {
                "Aspect": "NULL",
                "VA": "5.44#6.03"
            }
        ]
    },
    {
        "ID": "lap26_aspect_va_dev_140",
        "Aspect_VA": [
            {
                "Aspect": "NULL",
                "VA": "7.42#7.33"
            }
        ]
    },
    {
        "ID": "lap26_aspect_va_dev_141",
        "Aspect_VA": [
            {
                "Aspect": "NULL",
                "VA": "7.88#7.79"
            }
        ]
    },
    {
        "ID": "lap26_aspect_va_dev_142",
        "Aspect_VA": [
            {
                "Aspect": "NULL",
                "VA": "3.34#6.40"
            }
        ]
    },
    {
        "ID": "lap26_aspect_va_dev_143",
        "Aspect_VA": [
            {
                "Aspect": "NULL",
                "VA": "7.91#7.84"
            }
        ]
    },
    {
        "ID": "lap26_aspect_va_dev_144",
        "Aspect_VA": [
            {
                "Aspect": "NULL",
                "VA": "7.98#7.93"
            }
        ]
    },
    {
        "ID": "lap26_aspect_va_dev_145",
        "Aspect_VA": [
            {
                "Aspect": "NULL",
                "VA": "6.09#6.35"
            }
        ]
    },
    {
        "ID": "lap26_aspect_va_dev_146",
        "Aspect_VA": [
            {
                "Aspect": "NULL",
                "VA": "8.03#7.96"
            }
        ]
    },
    {
        "ID": "lap26_aspect_va_dev_147",
        "Aspect_VA": [
            {
                "Aspect": "NULL",
                "VA": "6.77#6.77"
            }
        ]
    },
    {
        "ID": "lap26_aspect_va_dev_148",
        "Aspect_VA": [
            {
                "Aspect": "NULL",
                "VA": "7.36#7.28"
            }
        ]
    },
    {
        "ID": "lap26_aspect_va_dev_149",
        "Aspect_VA": [
            {
                "Aspect": "NULL",
                "VA": "8.01#7.93"
            }
        ]
    },
    {
        "ID": "lap26_aspect_va_dev_150",
        "Aspect_VA": [
            {
                "Aspect": "NULL",
                "VA": "3.15#6.54"
            }
        ]
    },
    {
        "ID": "lap26_aspect_va_dev_151",
        "Aspect_VA": [
            {
                "Aspect": "NULL",
                "VA": "8.04#7.97"
            }
        ]
    },
    {
        "ID": "lap26_aspect_va_dev_152",
        "Aspect_VA": [
            {
                "Aspect": "NULL",
                "VA": "3.24#6.57"
            }
        ]
    },
    {
        "ID": "lap26_aspect_va_dev_153",
        "Aspect_VA": [
            {
                "Aspect": "NULL",
                "VA": "3.24#6.56"
            }
        ]
    },
    {
        "ID": "lap26_aspect_va_dev_154",
        "Aspect_VA": [
            {
                "Aspect": "NULL",
                "VA": "3.90#5.96"
            }
        ]
    },
    {
        "ID": "lap26_aspect_va_dev_155",
        "Aspect_VA": [
            {
                "Aspect": "NULL",
                "VA": "8.03#7.99"
            }
        ]
    },
    {
        "ID": "lap26_aspect_va_dev_156",
        "Aspect_VA": [
            {
                "Aspect": "NULL",
                "VA": "4.44#5.69"
            }
        ]
    },
    {
        "ID": "lap26_aspect_va_dev_157",
        "Aspect_VA": [
            {
                "Aspect": "NULL",
                "VA": "8.06#8.01"
            }
        ]
    },
    {
        "ID": "lap26_aspect_va_dev_158",
        "Aspect_VA": [
            {
                "Aspect": "NULL",
                "VA": "7.40#7.33"
            }
        ]
    },
    {
        "ID": "lap26_aspect_va_dev_159",
        "Aspect_VA": [
            {
                "Aspect": "NULL",
                "VA": "5.99#6.28"
            }
        ]
    },
    {
        "ID": "lap26_aspect_va_dev_160",
        "Aspect_VA": [
            {
                "Aspect": "NULL",
                "VA": "7.59#7.53"
            }
        ]
    },
    {
        "ID": "lap26_aspect_va_dev_161",
        "Aspect_VA": [
            {
                "Aspect": "NULL",
                "VA": "8.07#8.05"
            }
        ]
    },
    {
        "ID": "lap26_aspect_va_dev_162",
        "Aspect_VA": [
            {
                "Aspect": "NULL",
                "VA": "7.97#7.92"
            }
        ]
    },
    {
        "ID": "lap26_aspect_va_dev_163",
        "Aspect_VA": [
            {
                "Aspect": "NULL",
                "VA": "8.08#8.07"
            }
        ]
    },
    {
        "ID": "lap26_aspect_va_dev_164",
        "Aspect_VA": [
            {
                "Aspect": "NULL",
                "VA": "6.78#6.80"
            }
        ]
    },
    {
        "ID": "lap26_aspect_va_dev_165",
        "Aspect_VA": [
            {
                "Aspect": "NULL",
                "VA": "6.81#6.81"
            }
        ]
    },
    {
        "ID": "lap26_aspect_va_dev_166",
        "Aspect_VA": [
            {
                "Aspect": "NULL",
                "VA": "7.32#7.27"
            }
        ]
    },
    {
        "ID": "lap26_aspect_va_dev_167",
        "Aspect_VA": [
            {
                "Aspect": "NULL",
                "VA": "4.24#5.69"
            }
        ]
    },
    {
        "ID": "lap26_aspect_va_dev_168",
        "Aspect_VA": [
            {
                "Aspect": "NULL",
                "VA": "4.28#6.00"
            }
        ]
    },
    {
        "ID": "lap26_aspect_va_dev_169",
        "Aspect_VA": [
            {
                "Aspect": "NULL",
                "VA": "4.67#5.70"
            }
        ]
    },
    {
        "ID": "lap26_aspect_va_dev_170",
        "Aspect_VA": [
            {
                "Aspect": "NULL",
                "VA": "7.84#7.75"
            }
        ]
    },
    {
        "ID": "lap26_aspect_va_dev_171",
        "Aspect_VA": [
            {
                "Aspect": "NULL",
                "VA": "7.50#7.47"
            }
        ]
    },
    {
        "ID": "lap26_aspect_va_dev_172",
        "Aspect_VA": [
            {
                "Aspect": "NULL",
                "VA": "7.93#7.79"
            }
        ]
    },
    {
        "ID": "lap26_aspect_va_dev_173",
        "Aspect_VA": [
            {
                "Aspect": "NULL",
                "VA": "3.43#6.32"
            }
        ]
    },
    {
        "ID": "lap26_aspect_va_dev_174",
        "Aspect_VA": [
            {
                "Aspect": "NULL",
                "VA": "7.10#7.04"
            }
        ]
    },
    {
        "ID": "lap26_aspect_va_dev_175",
        "Aspect_VA": [
            {
                "Aspect": "NULL",
                "VA": "3.11#6.50"
            }
        ]
    },
    {
        "ID": "lap26_aspect_va_dev_176",
        "Aspect_VA": [
            {
                "Aspect": "NULL",
                "VA": "7.91#7.84"
            }
        ]
    },
    {
        "ID": "lap26_aspect_va_dev_177",
        "Aspect_VA": [
            {
                "Aspect": "NULL",
                "VA": "6.42#6.56"
            }
        ]
    },
    {
        "ID": "lap26_aspect_va_dev_178",
        "Aspect_VA": [
            {
                "Aspect": "NULL",
                "VA": "3.21#6.56"
            }
        ]
    },
    {
        "ID": "lap26_aspect_va_dev_179",
        "Aspect_VA": [
            {
                "Aspect": "NULL",
                "VA": "6.08#6.28"
            }
        ]
    },
    {
        "ID": "lap26_aspect_va_dev_180",
        "Aspect_VA": [
            {
                "Aspect": "NULL",
                "VA": "8.05#7.96"
            }
        ]
    },
    {
        "ID": "lap26_aspect_va_dev_181",
        "Aspect_VA": [
            {
                "Aspect": "NULL",
                "VA": "7.04#7.03"
            }
        ]
    },
    {
        "ID": "lap26_aspect_va_dev_182",
        "Aspect_VA": [
            {
                "Aspect": "NULL",
                "VA": "8.00#7.96"
            }
        ]
    },
    {
        "ID": "lap26_aspect_va_dev_183",
        "Aspect_VA": [
            {
                "Aspect": "NULL",
                "VA": "4.30#5.74"
            }
        ]
    },
    {
        "ID": "lap26_aspect_va_dev_184",
        "Aspect_VA": [
            {
                "Aspect": "NULL",
                "VA": "3.68#6.27"
            }
        ]
    },
    {
        "ID": "lap26_aspect_va_dev_185",
        "Aspect_VA": [
            {
                "Aspect": "NULL",
                "VA": "8.04#8.01"
            }
        ]
    },
    {
        "ID": "lap26_aspect_va_dev_186",
        "Aspect_VA": [
            {
                "Aspect": "NULL",
                "VA": "7.40#7.30"
            }
        ]
    },
    {
        "ID": "lap26_aspect_va_dev_187",
        "Aspect_VA": [
            {
                "Aspect": "NULL",
                "VA": "7.70#7.64"
            }
        ]
    },
    {
        "ID": "lap26_aspect_va_dev_188",
        "Aspect_VA": [
            {
                "Aspect": "NULL",
                "VA": "8.08#8.03"
            }
        ]
    },
    {
        "ID": "lap26_aspect_va_dev_189",
        "Aspect_VA": [
            {
                "Aspect": "NULL",
                "VA": "8.00#7.90"
            }
        ]
    },
    {
        "ID": "lap26_aspect_va_dev_190",
        "Aspect_VA": [
            {
                "Aspect": "NULL",
                "VA": "7.55#7.45"
            }
        ]
    },
    {
        "ID": "lap26_aspect_va_dev_191",
        "Aspect_VA": [
            {
                "Aspect": "NULL",
                "VA": "8.07#8.04"
            }
        ]
    },
    {
        "ID": "lap26_aspect_va_dev_192",
        "Aspect_VA": [
            {
                "Aspect": "NULL",
                "VA": "7.74#7.63"
            }
        ]
    },
    {
        "ID": "lap26_aspect_va_dev_193",
        "Aspect_VA": [
            {
                "Aspect": "NULL",
                "VA": "3.56#6.32"
            }
        ]
    },
    {
        "ID": "lap26_aspect_va_dev_194",
        "Aspect_VA": [
            {
                "Aspect": "NULL",
                "VA": "4.42#5.69"
            }
        ]
    },
    {
        "ID": "lap26_aspect_va_dev_195",
        "Aspect_VA": [
            {
                "Aspect": "NULL",
                "VA": "6.33#6.50"
            }
        ]
    },
    {
        "ID": "lap26_aspect_va_dev_196",
        "Aspect_VA": [
            {
                "Aspect": "NULL",
                "VA": "4.97#5.93"
            }
        ]
    },
    {
        "ID": "lap26_aspect_va_dev_197",
        "Aspect_VA": [
            {
                "Aspect": "NULL",
                "VA": "6.08#6.40"
            }
        ]
    },
    {
        "ID": "lap26_aspect_va_dev_198",
        "Aspect_VA": [
            {
                "Aspect": "NULL",
                "VA": "7.08#7.04"
            }
        ]
    },
    {
        "ID": "lap26_aspect_va_dev_199",
        "Aspect_VA": [
            {
                "Aspect": "NULL",
                "VA": "7.14#7.08"
            }
        ]
    },
    {
        "ID": "lap26_aspect_va_dev_200",
        "Aspect_VA": [
            {
                "Aspect": "NULL",
                "VA": "8.06#8.04"
            }
        ]
    }
]