[
    {
        "ID": "lap26_aspect_va_dev_1",
        "Aspect_VA": [
            {
                "Aspect": "['touchscreen']",
                "VA": "6.75#6.75"
            }
        ]
    },
    {
        "ID": "lap26_aspect_va_dev_2",
        "Aspect_VA": [
            {
                "Aspect": "['HP']",
                "VA": "2.50#6.69"
            }
        ]
    },
    {
        "ID": "lap26_aspect_va_dev_3",
        "Aspect_VA": [
            {
                "Aspect": "['keyboard']",
                "VA": "6.70#6.64"
            }
        ]
    },
    {
        "ID": "lap26_aspect_va_dev_4",
        "Aspect_VA": [
            {
                "Aspect": "['screen size']",
                "VA": "6.69#6.71"
            }
        ]
    },
    {
        "ID": "lap26_aspect_va_dev_5",
        "Aspect_VA": [
            {
                "Aspect": "['Lenovo']",
                "VA": "7.69#7.64"
            }
        ]
    },
    {
        "ID": "lap26_aspect_va_dev_6",
        "Aspect_VA": [
            {
                "Aspect": "['sound']",
                "VA": "7.27#7.28"
            }
        ]
    },
    {
        "ID": "lap26_aspect_va_dev_7",
        "Aspect_VA": [
            {
                "Aspect": "['quality']",
                "VA": "7.55#7.58"
            }
        ]
    },
    {
        "ID": "lap26_aspect_va_dev_8",
        "Aspect_VA": [
            {
                "Aspect": "['on screen keyboard']",
                "VA": "7.21#7.11"
            }
        ]
    },
    {
        "ID": "lap26_aspect_va_dev_9",
        "Aspect_VA": [
            {
                "Aspect": "['laptop']",
                "VA": "7.72#7.68"
            }
        ]
    },
    {
        "ID": "lap26_aspect_va_dev_10",
        "Aspect_VA": [
            {
                "Aspect": "['functionality of the trackpad']",
                "VA": "7.28#7.27"
            }
        ]
    },
    {
        "ID": "lap26_aspect_va_dev_11",
        "Aspect_VA": [
            {
                "Aspect": "['new Lenovo']",
                "VA": "7.31#7.19"
            }
        ]
    },
    {
        "ID": "lap26_aspect_va_dev_12",
        "Aspect_VA": [
            {
                "Aspect": "['touch screen', 'screen']",
                "VA": "7.14#7.07"
            }
        ]
    },
    {
        "ID": "lap26_aspect_va_dev_13",
        "Aspect_VA": [
            {
                "Aspect": "['Dell 13', 'keyboard', 'HP battery life']",
                "VA": "5.90#5.93"
            }
        ]
    },
    {
        "ID": "lap26_aspect_va_dev_14",
        "Aspect_VA": [
            {
                "Aspect": "['Screen clarity', 'Screen']",
                "VA": "7.43#7.37"
            }
        ]
    },
    {
        "ID": "lap26_aspect_va_dev_15",
        "Aspect_VA": [
            {
                "Aspect": "['15 HD screen']",
                "VA": "6.39#6.42"
            }
        ]
    },
    {
        "ID": "lap26_aspect_va_dev_16",
        "Aspect_VA": [
            {
                "Aspect": "['performance']",
                "VA": "7.44#7.40"
            }
        ]
    },
    {
        "ID": "lap26_aspect_va_dev_17",
        "Aspect_VA": [
            {
                "Aspect": "['sound']",
                "VA": "7.07#7.08"
            }
        ]
    },
    {
        "ID": "lap26_aspect_va_dev_18",
        "Aspect_VA": [
            {
                "Aspect": "['Speakers']",
                "VA": "2.93#7.12"
            }
        ]
    },
    {
        "ID": "lap26_aspect_va_dev_19",
        "Aspect_VA": [
            {
                "Aspect": "['Windows 8', 'laptop']",
                "VA": "7.14#6.94"
            }
        ]
    },
    {
        "ID": "lap26_aspect_va_dev_20",
        "Aspect_VA": [
            {
                "Aspect": "['HP']",
                "VA": "7.48#7.41"
            }
        ]
    },
    {
        "ID": "lap26_aspect_va_dev_21",
        "Aspect_VA": [
            {
                "Aspect": "['Dells']",
                "VA": "7.18#7.12"
            }
        ]
    },
    {
        "ID": "lap26_aspect_va_dev_22",
        "Aspect_VA": [
            {
                "Aspect": "['laptop']",
                "VA": "6.75#6.71"
            }
        ]
    },
    {
        "ID": "lap26_aspect_va_dev_23",
        "Aspect_VA": [
            {
                "Aspect": "['battery life']",
                "VA": "7.44#7.54"
            }
        ]
    },
    {
        "ID": "lap26_aspect_va_dev_24",
        "Aspect_VA": [
            {
                "Aspect": "['graphics', 'startup']",
                "VA": "6.82#6.79"
            }
        ]
    },
    {
        "ID": "lap26_aspect_va_dev_25",
        "Aspect_VA": [
            {
                "Aspect": "['color', 'definition']",
                "VA": "7.22#7.12"
            }
        ]
    },
    {
        "ID": "lap26_aspect_va_dev_26",
        "Aspect_VA": [
            {
                "Aspect": "['notebook']",
                "VA": "7.89#7.78"
            }
        ]
    },
    {
        "ID": "lap26_aspect_va_dev_27",
        "Aspect_VA": [
            {
                "Aspect": "['facial recognition']",
                "VA": "7.41#7.24"
            }
        ]
    },
    {
        "ID": "lap26_aspect_va_dev_28",
        "Aspect_VA": [
            {
                "Aspect": "['laptops', 'customer service']",
                "VA": "4.43#6.11"
            }
        ]
    },
    {
        "ID": "lap26_aspect_va_dev_29",
        "Aspect_VA": [
            {
                "Aspect": "['screen']",
                "VA": "5.27#5.52"
            }
        ]
    },
    {
        "ID": "lap26_aspect_va_dev_30",
        "Aspect_VA": [
            {
                "Aspect": "['memory', 'processing power']",
                "VA": "6.36#6.42"
            }
        ]
    },
    {
        "ID": "lap26_aspect_va_dev_31",
        "Aspect_VA": [
            {
                "Aspect": "['Lenovo tech support']",
                "VA": "3.14#6.86"
            }
        ]
    },
    {
        "ID": "lap26_aspect_va_dev_32",
        "Aspect_VA": [
            {
                "Aspect": "['laptop']",
                "VA": "8.02#7.94"
            }
        ]
    },
    {
        "ID": "lap26_aspect_va_dev_33",
        "Aspect_VA": [
            {
                "Aspect": "['laptop', 'screen']",
                "VA": "6.72#6.62"
            }
        ]
    },
    {
        "ID": "lap26_aspect_va_dev_34",
        "Aspect_VA": [
            {
                "Aspect": "['laptop']",
                "VA": "7.55#7.41"
            }
        ]
    },
    {
        "ID": "lap26_aspect_va_dev_35",
        "Aspect_VA": [
            {
                "Aspect": "['ASUS hardware']",
                "VA": "7.47#7.28"
            }
        ]
    },
    {
        "ID": "lap26_aspect_va_dev_36",
        "Aspect_VA": [
            {
                "Aspect": "['HP 17.3 Inch Laptop Computer']",
                "VA": "6.94#6.77"
            }
        ]
    },
    {
        "ID": "lap26_aspect_va_dev_37",
        "Aspect_VA": [
            {
                "Aspect": "['screen', 'keyboard', 'track pad', 'speed', 'memory']",
                "VA": "6.89#6.87"
            }
        ]
    },
    {
        "ID": "lap26_aspect_va_dev_38",
        "Aspect_VA": [
            {
                "Aspect": "['500GB SSD', 'capacity']",
                "VA": "7.29#7.19"
            }
        ]
    },
    {
        "ID": "lap26_aspect_va_dev_39",
        "Aspect_VA": [
            {
                "Aspect": "['speed', 'battery life']",
                "VA": "7.57#7.49"
            }
        ]
    },
    {
        "ID": "lap26_aspect_va_dev_40",
        "Aspect_VA": [
            {
                "Aspect": "['battery life']",
                "VA": "7.88#7.89"
            }
        ]
    },
    {
        "ID": "lap26_aspect_va_dev_41",
        "Aspect_VA": [
            {
                "Aspect": "['ram', 'drive', 'machine']",
                "VA": "7.11#7.20"
            }
        ]
    },
    {
        "ID": "lap26_aspect_va_dev_42",
        "Aspect_VA": [
            {
                "Aspect": "['new computer']",
                "VA": "7.47#7.40"
            }
        ]
    },
    {
        "ID": "lap26_aspect_va_dev_43",
        "Aspect_VA": [
            {
                "Aspect": "['chrome book']",
                "VA": "7.17#7.13"
            }
        ]
    },
    {
        "ID": "lap26_aspect_va_dev_44",
        "Aspect_VA": [
            {
                "Aspect": "['price', 'laptop']",
                "VA": "6.93#6.94"
            }
        ]
    },
    {
        "ID": "lap26_aspect_va_dev_45",
        "Aspect_VA": [
            {
                "Aspect": "['battery life']",
                "VA": "7.06#6.66"
            }
        ]
    },
    {
        "ID": "lap26_aspect_va_dev_46",
        "Aspect_VA": [
            {
                "Aspect": "['Battery life']",
                "VA": "3.16#6.55"
            }
        ]
    },
    {
        "ID": "lap26_aspect_va_dev_47",
        "Aspect_VA": [
            {
                "Aspect": "['laptop']",
                "VA": "6.77#6.70"
            }
        ]
    },
    {
        "ID": "lap26_aspect_va_dev_48",
        "Aspect_VA": [
            {
                "Aspect": "['HP Pavilion laptop']",
                "VA": "7.44#7.19"
            }
        ]
    },
    {
        "ID": "lap26_aspect_va_dev_49",
        "Aspect_VA": [
            {
                "Aspect": "['battery life']",
                "VA": "7.07#7.02"
            }
        ]
    },
    {
        "ID": "lap26_aspect_va_dev_50",
        "Aspect_VA": [
            {
                "Aspect": "['Boot-up']",
                "VA": "7.27#7.33"
            }
        ]
    },
    {
        "ID": "lap26_aspect_va_dev_51",
        "Aspect_VA": [
            {
                "Aspect": "['display', 'boot times']",
                "VA": "7.18#6.98"
            }
        ]
    },
    {
        "ID": "lap26_aspect_va_dev_52",
        "Aspect_VA": [
            {
                "Aspect": "['lenovo']",
                "VA": "6.05#6.01"
            }
        ]
    },
    {
        "ID": "lap26_aspect_va_dev_53",
        "Aspect_VA": [
            {
                "Aspect": "['ACER', 'ACER PRODUCT']",
                "VA": "3.99#5.75"
            }
        ]
    },
    {
        "ID": "lap26_aspect_va_dev_54",
        "Aspect_VA": [
            {
                "Aspect": "['Customer service']",
                "VA": "7.34#7.28"
            }
        ]
    },
    {
        "ID": "lap26_aspect_va_dev_55",
        "Aspect_VA": [
            {
                "Aspect": "['screen', 'design', 'laptop']",
                "VA": "5.86#5.89"
            }
        ]
    },
    {
        "ID": "lap26_aspect_va_dev_56",
        "Aspect_VA": [
            {
                "Aspect": "['windows 10']",
                "VA": "6.82#6.65"
            }
        ]
    },
    {
        "ID": "lap26_aspect_va_dev_57",
        "Aspect_VA": [
            {
                "Aspect": "['HP laptop']",
                "VA": "7.49#7.32"
            }
        ]
    },
    {
        "ID": "lap26_aspect_va_dev_58",
        "Aspect_VA": [
            {
                "Aspect": "['Battery life']",
                "VA": "6.70#6.75"
            }
        ]
    },
    {
        "ID": "lap26_aspect_va_dev_59",
        "Aspect_VA": [
            {
                "Aspect": "['backlit keyboard']",
                "VA": "7.47#7.20"
            }
        ]
    },
    {
        "ID": "lap26_aspect_va_dev_60",
        "Aspect_VA": [
            {
                "Aspect": "['HP Stream Laptop']",
                "VA": "6.24#6.30"
            }
        ]
    },
    {
        "ID": "lap26_aspect_va_dev_61",
        "Aspect_VA": [
            {
                "Aspect": "['screen quality', 'size', 'sound quality']",
                "VA": "7.31#7.29"
            }
        ]
    },
    {
        "ID": "lap26_aspect_va_dev_62",
        "Aspect_VA": [
            {
                "Aspect": "['Toshiba KiraBook']",
                "VA": "6.61#5.92"
            }
        ]
    },
    {
        "ID": "lap26_aspect_va_dev_63",
        "Aspect_VA": [
            {
                "Aspect": "['laptop']",
                "VA": "7.84#7.84"
            }
        ]
    },
    {
        "ID": "lap26_aspect_va_dev_64",
        "Aspect_VA": [
            {
                "Aspect": "['Battery life']",
                "VA": "5.48#5.56"
            }
        ]
    },
    {
        "ID": "lap26_aspect_va_dev_65",
        "Aspect_VA": [
            {
                "Aspect": "['screen', 'colors']",
                "VA": "7.06#7.05"
            }
        ]
    },
    {
        "ID": "lap26_aspect_va_dev_66",
        "Aspect_VA": [
            {
                "Aspect": "['HP Chromebook']",
                "VA": "7.86#7.73"
            }
        ]
    },
    {
        "ID": "lap26_aspect_va_dev_67",
        "Aspect_VA": [
            {
                "Aspect": "['Touch screen']",
                "VA": "7.41#7.32"
            }
        ]
    },
    {
        "ID": "lap26_aspect_va_dev_68",
        "Aspect_VA": [
            {
                "Aspect": "['Laptop']",
                "VA": "6.15#6.22"
            }
        ]
    },
    {
        "ID": "lap26_aspect_va_dev_69",
        "Aspect_VA": [
            {
                "Aspect": "['Windows 10 Home']",
                "VA": "6.95#6.91"
            }
        ]
    },
    {
        "ID": "lap26_aspect_va_dev_70",
        "Aspect_VA": [
            {
                "Aspect": "['screen']",
                "VA": "6.36#6.41"
            }
        ]
    },
    {
        "ID": "lap26_aspect_va_dev_71",
        "Aspect_VA": [
            {
                "Aspect": "['Touchscreen', 'mouse']",
                "VA": "7.10#7.20"
            }
        ]
    },
    {
        "ID": "lap26_aspect_va_dev_72",
        "Aspect_VA": [
            {
                "Aspect": "['256gb SSD']",
                "VA": "7.60#7.45"
            }
        ]
    },
    {
        "ID": "lap26_aspect_va_dev_73",
        "Aspect_VA": [
            {
                "Aspect": "['Build quality', 'keyboard', 'numberpad']",
                "VA": "7.08#6.85"
            }
        ]
    },
    {
        "ID": "lap26_aspect_va_dev_74",
        "Aspect_VA": [
            {
                "Aspect": "['Asus laptops']",
                "VA": "7.05#6.98"
            }
        ]
    },
    {
        "ID": "lap26_aspect_va_dev_75",
        "Aspect_VA": [
            {
                "Aspect": "['high', 'laptop']",
                "VA": "7.45#7.33"
            }
        ]
    },
    {
        "ID": "lap26_aspect_va_dev_76",
        "Aspect_VA": [
            {
                "Aspect": "['Screen resolution']",
                "VA": "6.61#6.64"
            }
        ]
    },
    {
        "ID": "lap26_aspect_va_dev_77",
        "Aspect_VA": [
            {
                "Aspect": "['storage', 'computer', 'response']",
                "VA": "7.26#7.21"
            }
        ]
    },
    {
        "ID": "lap26_aspect_va_dev_78",
        "Aspect_VA": [
            {
                "Aspect": "['computer']",
                "VA": "7.55#7.45"
            }
        ]
    },
    {
        "ID": "lap26_aspect_va_dev_79",
        "Aspect_VA": [
            {
                "Aspect": "['company']",
                "VA": "6.21#6.44"
            }
        ]
    },
    {
        "ID": "lap26_aspect_va_dev_80",
        "Aspect_VA": [
            {
                "Aspect": "['laptop']",
                "VA": "3.74#5.90"
            }
        ]
    },
    {
        "ID": "lap26_aspect_va_dev_81",
        "Aspect_VA": [
            {
                "Aspect": "['illumination', 'apps']",
                "VA": "7.42#7.25"
            }
        ]
    },
    {
        "ID": "lap26_aspect_va_dev_82",
        "Aspect_VA": [
            {
                "Aspect": "['battery life']",
                "VA": "7.67#7.77"
            }
        ]
    },
    {
        "ID": "lap26_aspect_va_dev_83",
        "Aspect_VA": [
            {
                "Aspect": "['ports', 'graphics', 'battery life']",
                "VA": "7.32#7.27"
            }
        ]
    },
    {
        "ID": "lap26_aspect_va_dev_84",
        "Aspect_VA": [
            {
                "Aspect": "['delivery']",
                "VA": "7.28#7.26"
            }
        ]
    },
    {
        "ID": "lap26_aspect_va_dev_85",
        "Aspect_VA": [
            {
                "Aspect": "['laptop']",
                "VA": "7.44#7.32"
            }
        ]
    },
    {
        "ID": "lap26_aspect_va_dev_86",
        "Aspect_VA": [
            {
                "Aspect": "['notebook', 'loading', 'processing']",
                "VA": "3.25#6.21"
            }
        ]
    },
    {
        "ID": "lap26_aspect_va_dev_87",
        "Aspect_VA": [
            {
                "Aspect": "['touchscreen', 'display graphics']",
                "VA": "7.04#6.99"
            }
        ]
    },
    {
        "ID": "lap26_aspect_va_dev_88",
        "Aspect_VA": [
            {
                "Aspect": "['laptop']",
                "VA": "7.55#7.50"
            }
        ]
    },
    {
        "ID": "lap26_aspect_va_dev_89",
        "Aspect_VA": [
            {
                "Aspect": "[\"screen's color palette\", 'speakers']",
                "VA": "7.59#7.59"
            }
        ]
    },
    {
        "ID": "lap26_aspect_va_dev_90",
        "Aspect_VA": [
            {
                "Aspect": "['size', 'sharpness of the display']",
                "VA": "5.42#5.59"
            }
        ]
    },
    {
        "ID": "lap26_aspect_va_dev_91",
        "Aspect_VA": [
            {
                "Aspect": "['laptop']",
                "VA": "7.16#7.11"
            }
        ]
    },
    {
        "ID": "lap26_aspect_va_dev_92",
        "Aspect_VA": [
            {
                "Aspect": "['Keyboard', 'performance']",
                "VA": "6.54#6.48"
            }
        ]
    },
    {
        "ID": "lap26_aspect_va_dev_93",
        "Aspect_VA": [
            {
                "Aspect": "['USB A ports']",
                "VA": "6.81#6.64"
            }
        ]
    },
    {
        "ID": "lap26_aspect_va_dev_94",
        "Aspect_VA": [
            {
                "Aspect": "['build quality']",
                "VA": "3.46#5.99"
            }
        ]
    },
    {
        "ID": "lap26_aspect_va_dev_95",
        "Aspect_VA": [
            {
                "Aspect": "['computer']",
                "VA": "7.50#7.50"
            }
        ]
    },
    {
        "ID": "lap26_aspect_va_dev_96",
        "Aspect_VA": [
            {
                "Aspect": "['screen']",
                "VA": "7.37#7.34"
            }
        ]
    },
    {
        "ID": "lap26_aspect_va_dev_97",
        "Aspect_VA": [
            {
                "Aspect": "['Screen']",
                "VA": "3.47#5.87"
            }
        ]
    },
    {
        "ID": "lap26_aspect_va_dev_98",
        "Aspect_VA": [
            {
                "Aspect": "['computer']",
                "VA": "6.67#6.67"
            }
        ]
    },
    {
        "ID": "lap26_aspect_va_dev_99",
        "Aspect_VA": [
            {
                "Aspect": "['laptop', 'touchpad left click']",
                "VA": "5.05#5.54"
            }
        ]
    },
    {
        "ID": "lap26_aspect_va_dev_100",
        "Aspect_VA": [
            {
                "Aspect": "['touchscreen', 'convertible aspect']",
                "VA": "6.54#6.43"
            }
        ]
    },
    {
        "ID": "lap26_aspect_va_dev_101",
        "Aspect_VA": [
            {
                "Aspect": "['double screen', 'quality of every app']",
                "VA": "6.68#6.54"
            }
        ]
    },
    {
        "ID": "lap26_aspect_va_dev_102",
        "Aspect_VA": [
            {
                "Aspect": "['Battery']",
                "VA": "7.23#7.19"
            }
        ]
    },
    {
        "ID": "lap26_aspect_va_dev_103",
        "Aspect_VA": [
            {
                "Aspect": "['computer', 'Windows 8']",
                "VA": "4.73#6.39"
            }
        ]
    },
    {
        "ID": "lap26_aspect_va_dev_104",
        "Aspect_VA": [
            {
                "Aspect": "['keyboard']",
                "VA": "4.51#5.28"
            }
        ]
    },
    {
        "ID": "lap26_aspect_va_dev_105",
        "Aspect_VA": [
            {
                "Aspect": "['trackpad']",
                "VA": "2.90#7.23"
            }
        ]
    },
    {
        "ID": "lap26_aspect_va_dev_106",
        "Aspect_VA": [
            {
                "Aspect": "['LAPTOP']",
                "VA": "7.28#7.21"
            }
        ]
    },
    {
        "ID": "lap26_aspect_va_dev_107",
        "Aspect_VA": [
            {
                "Aspect": "['PC']",
                "VA": "7.27#7.24"
            }
        ]
    },
    {
        "ID": "lap26_aspect_va_dev_108",
        "Aspect_VA": [
            {
                "Aspect": "['screen quality']",
                "VA": "2.99#6.85"
            }
        ]
    },
    {
        "ID": "lap26_aspect_va_dev_109",
        "Aspect_VA": [
            {
                "Aspect": "['laptop']",
                "VA": "3.58#6.41"
            }
        ]
    },
    {
        "ID": "lap26_aspect_va_dev_110",
        "Aspect_VA": [
            {
                "Aspect": "['battery life', 'Keyboard']",
                "VA": "6.40#6.75"
            }
        ]
    },
    {
        "ID": "lap26_aspect_va_dev_111",
        "Aspect_VA": [
            {
                "Aspect": "['computer']",
                "VA": "7.55#7.57"
            }
        ]
    },
    {
        "ID": "lap26_aspect_va_dev_112",
        "Aspect_VA": [
            {
                "Aspect": "['Chromebooks']",
                "VA": "6.97#6.76"
            }
        ]
    },
    {
        "ID": "lap26_aspect_va_dev_113",
        "Aspect_VA": [
            {
                "Aspect": "['weight of the laptop']",
                "VA": "4.42#5.30"
            }
        ]
    },
    {
        "ID": "lap26_aspect_va_dev_114",
        "Aspect_VA": [
            {
                "Aspect": "['color']",
                "VA": "7.79#7.73"
            }
        ]
    },
    {
        "ID": "lap26_aspect_va_dev_115",
        "Aspect_VA": [
            {
                "Aspect": "['Graphics']",
                "VA": "6.76#6.76"
            }
        ]
    },
    {
        "ID": "lap26_aspect_va_dev_116",
        "Aspect_VA": [
            {
                "Aspect": "['cooling fan']",
                "VA": "4.93#5.34"
            }
        ]
    },
    {
        "ID": "lap26_aspect_va_dev_117",
        "Aspect_VA": [
            {
                "Aspect": "['computer', 'price']",
                "VA": "6.71#6.76"
            }
        ]
    },
    {
        "ID": "lap26_aspect_va_dev_118",
        "Aspect_VA": [
            {
                "Aspect": "['display']",
                "VA": "7.36#7.31"
            }
        ]
    },
    {
        "ID": "lap26_aspect_va_dev_119",
        "Aspect_VA": [
            {
                "Aspect": "['keyboard']",
                "VA": "3.76#5.89"
            }
        ]
    },
    {
        "ID": "lap26_aspect_va_dev_120",
        "Aspect_VA": [
            {
                "Aspect": "['laptop']",
                "VA": "4.34#5.83"
            }
        ]
    },
    {
        "ID": "lap26_aspect_va_dev_121",
        "Aspect_VA": [
            {
                "Aspect": "['screen', 'touchpad', 'keyboard', 'Toshiba Chromebook 2']",
                "VA": "7.60#7.58"
            }
        ]
    },
    {
        "ID": "lap26_aspect_va_dev_122",
        "Aspect_VA": [
            {
                "Aspect": "['battery life']",
                "VA": "7.05#7.05"
            }
        ]
    },
    {
        "ID": "lap26_aspect_va_dev_123",
        "Aspect_VA": [
            {
                "Aspect": "['quality', 'processor']",
                "VA": "7.18#7.12"
            }
        ]
    },
    {
        "ID": "lap26_aspect_va_dev_124",
        "Aspect_VA": [
            {
                "Aspect": "['product']",
                "VA": "2.85#6.27"
            }
        ]
    },
    {
        "ID": "lap26_aspect_va_dev_125",
        "Aspect_VA": [
            {
                "Aspect": "['Windows 8.1']",
                "VA": "4.62#6.44"
            }
        ]
    },
    {
        "ID": "lap26_aspect_va_dev_126",
        "Aspect_VA": [
            {
                "Aspect": "['Asus fingerprint reader']",
                "VA": "5.80#5.89"
            }
        ]
    },
    {
        "ID": "lap26_aspect_va_dev_127",
        "Aspect_VA": [
            {
                "Aspect": "['battery life']",
                "VA": "7.78#7.74"
            }
        ]
    },
    {
        "ID": "lap26_aspect_va_dev_128",
        "Aspect_VA": [
            {
                "Aspect": "['screen', '8GB memory', '1TB HDD', 'windows 10', 'price']",
                "VA": "7.33#7.20"
            }
        ]
    },
    {
        "ID": "lap26_aspect_va_dev_129",
        "Aspect_VA": [
            {
                "Aspect": "['mother board']",
                "VA": "3.54#5.86"
            }
        ]
    },
    {
        "ID": "lap26_aspect_va_dev_130",
        "Aspect_VA": [
            {
                "Aspect": "['laptop']",
                "VA": "7.35#7.50"
            }
        ]
    },
    {
        "ID": "lap26_aspect_va_dev_131",
        "Aspect_VA": [
            {
                "Aspect": "['notebook', 'tablet']",
                "VA": "6.91#6.78"
            }
        ]
    },
    {
        "ID": "lap26_aspect_va_dev_132",
        "Aspect_VA": [
            {
                "Aspect": "['chromebook']",
                "VA": "7.58#7.55"
            }
        ]
    },
    {
        "ID": "lap26_aspect_va_dev_133",
        "Aspect_VA": [
            {
                "Aspect": "['Keyboard back lights']",
                "VA": "4.23#5.50"
            }
        ]
    },
    {
        "ID": "lap26_aspect_va_dev_134",
        "Aspect_VA": [
            {
                "Aspect": "['computer']",
                "VA": "3.09#6.65"
            }
        ]
    },
    {
        "ID": "lap26_aspect_va_dev_135",
        "Aspect_VA": [
            {
                "Aspect": "['laptop', 'build']",
                "VA": "6.67#6.80"
            }
        ]
    },
    {
        "ID": "lap26_aspect_va_dev_136",
        "Aspect_VA": [
            {
                "Aspect": "['features', 'processing power', 'ram']",
                "VA": "7.14#6.90"
            }
        ]
    },
    {
        "ID": "lap26_aspect_va_dev_137",
        "Aspect_VA": [
            {
                "Aspect": "['Chromebook']",
                "VA": "6.21#6.16"
            }
        ]
    },
    {
        "ID": "lap26_aspect_va_dev_138",
        "Aspect_VA": [
            {
                "Aspect": "['machine']",
                "VA": "7.20#7.30"
            }
        ]
    },
    {
        "ID": "lap26_aspect_va_dev_139",
        "Aspect_VA": [
            {
                "Aspect": "['processing speed']",
                "VA": "6.76#6.81"
            }
        ]
    },
    {
        "ID": "lap26_aspect_va_dev_140",
        "Aspect_VA": [
            {
                "Aspect": "['chromebook']",
                "VA": "6.87#7.03"
            }
        ]
    },
    {
        "ID": "lap26_aspect_va_dev_141",
        "Aspect_VA": [
            {
                "Aspect": "['performance']",
                "VA": "7.47#7.42"
            }
        ]
    },
    {
        "ID": "lap26_aspect_va_dev_142",
        "Aspect_VA": [
            {
                "Aspect": "['laptop']",
                "VA": "5.75#5.98"
            }
        ]
    },
    {
        "ID": "lap26_aspect_va_dev_143",
        "Aspect_VA": [
            {
                "Aspect": "['Dell Chromebook']",
                "VA": "7.62#7.59"
            }
        ]
    },
    {
        "ID": "lap26_aspect_va_dev_144",
        "Aspect_VA": [
            {
                "Aspect": "['laptop']",
                "VA": "7.55#7.48"
            }
        ]
    },
    {
        "ID": "lap26_aspect_va_dev_145",
        "Aspect_VA": [
            {
                "Aspect": "['memory', 'HD space']",
                "VA": "6.78#6.49"
            }
        ]
    },
    {
        "ID": "lap26_aspect_va_dev_146",
        "Aspect_VA": [
            {
                "Aspect": "['screen', 'keyboard', 'battery life', 'processor', 'storage']",
                "VA": "7.05#7.08"
            }
        ]
    },
    {
        "ID": "lap26_aspect_va_dev_147",
        "Aspect_VA": [
            {
                "Aspect": "['HP']",
                "VA": "7.20#7.29"
            }
        ]
    },
    {
        "ID": "lap26_aspect_va_dev_148",
        "Aspect_VA": [
            {
                "Aspect": "['Backlight']",
                "VA": "6.88#6.87"
            }
        ]
    },
    {
        "ID": "lap26_aspect_va_dev_149",
        "Aspect_VA": [
            {
                "Aspect": "['computer']",
                "VA": "7.75#7.69"
            }
        ]
    },
    {
        "ID": "lap26_aspect_va_dev_150",
        "Aspect_VA": [
            {
                "Aspect": "['Hard drive']",
                "VA": "3.56#6.09"
            }
        ]
    },
    {
        "ID": "lap26_aspect_va_dev_151",
        "Aspect_VA": [
            {
                "Aspect": "['machine']",
                "VA": "7.66#7.74"
            }
        ]
    },
    {
        "ID": "lap26_aspect_va_dev_152",
        "Aspect_VA": [
            {
                "Aspect": "['computer']",
                "VA": "3.16#6.15"
            }
        ]
    },
    {
        "ID": "lap26_aspect_va_dev_153",
        "Aspect_VA": [
            {
                "Aspect": "['LAPTOP']",
                "VA": "3.56#6.30"
            }
        ]
    },
    {
        "ID": "lap26_aspect_va_dev_154",
        "Aspect_VA": [
            {
                "Aspect": "['laptop']",
                "VA": "3.76#5.72"
            }
        ]
    },
    {
        "ID": "lap26_aspect_va_dev_155",
        "Aspect_VA": [
            {
                "Aspect": "['processing', 'systems']",
                "VA": "7.61#7.54"
            }
        ]
    },
    {
        "ID": "lap26_aspect_va_dev_156",
        "Aspect_VA": [
            {
                "Aspect": "['trackpad']",
                "VA": "5.22#5.29"
            }
        ]
    },
    {
        "ID": "lap26_aspect_va_dev_157",
        "Aspect_VA": [
            {
                "Aspect": "['screen']",
                "VA": "7.83#7.84"
            }
        ]
    },
    {
        "ID": "lap26_aspect_va_dev_158",
        "Aspect_VA": [
            {
                "Aspect": "['keyboard']",
                "VA": "6.63#6.44"
            }
        ]
    },
    {
        "ID": "lap26_aspect_va_dev_159",
        "Aspect_VA": [
            {
                "Aspect": "['Macbook']",
                "VA": "6.43#6.41"
            }
        ]
    },
    {
        "ID": "lap26_aspect_va_dev_160",
        "Aspect_VA": [
            {
                "Aspect": "['laptop']",
                "VA": "7.04#7.03"
            }
        ]
    },
    {
        "ID": "lap26_aspect_va_dev_161",
        "Aspect_VA": [
            {
                "Aspect": "['shipping', 'quality']",
                "VA": "7.36#7.36"
            }
        ]
    },
    {
        "ID": "lap26_aspect_va_dev_162",
        "Aspect_VA": [
            {
                "Aspect": "['device', 'Chromebook']",
                "VA": "7.55#7.35"
            }
        ]
    },
    {
        "ID": "lap26_aspect_va_dev_163",
        "Aspect_VA": [
            {
                "Aspect": "['notebook']",
                "VA": "7.88#7.75"
            }
        ]
    },
    {
        "ID": "lap26_aspect_va_dev_164",
        "Aspect_VA": [
            {
                "Aspect": "['Windows 10']",
                "VA": "7.12#6.91"
            }
        ]
    },
    {
        "ID": "lap26_aspect_va_dev_165",
        "Aspect_VA": [
            {
                "Aspect": "['battery life', 'display']",
                "VA": "6.35#6.01"
            }
        ]
    },
    {
        "ID": "lap26_aspect_va_dev_166",
        "Aspect_VA": [
            {
                "Aspect": "['MacBook Pro 15']",
                "VA": "7.41#7.16"
            }
        ]
    },
    {
        "ID": "lap26_aspect_va_dev_167",
        "Aspect_VA": [
            {
                "Aspect": "['keyboard', 'keys']",
                "VA": "5.00#5.78"
            }
        ]
    },
    {
        "ID": "lap26_aspect_va_dev_168",
        "Aspect_VA": [
            {
                "Aspect": "['laptop']",
                "VA": "7.44#7.54"
            }
        ]
    },
    {
        "ID": "lap26_aspect_va_dev_169",
        "Aspect_VA": [
            {
                "Aspect": "['fan']",
                "VA": "5.57#5.83"
            }
        ]
    },
    {
        "ID": "lap26_aspect_va_dev_170",
        "Aspect_VA": [
            {
                "Aspect": "['backlit keyboard']",
                "VA": "7.55#7.38"
            }
        ]
    },
    {
        "ID": "lap26_aspect_va_dev_171",
        "Aspect_VA": [
            {
                "Aspect": "['new Acer']",
                "VA": "7.40#7.39"
            }
        ]
    },
    {
        "ID": "lap26_aspect_va_dev_172",
        "Aspect_VA": [
            {
                "Aspect": "['i5 processor']",
                "VA": "7.13#7.03"
            }
        ]
    },
    {
        "ID": "lap26_aspect_va_dev_173",
        "Aspect_VA": [
            {
                "Aspect": "['hardware on this computer']",
                "VA": "6.23#6.37"
            }
        ]
    },
    {
        "ID": "lap26_aspect_va_dev_174",
        "Aspect_VA": [
            {
                "Aspect": "['price']",
                "VA": "6.61#6.65"
            }
        ]
    },
    {
        "ID": "lap26_aspect_va_dev_175",
        "Aspect_VA": [
            {
                "Aspect": "['display']",
                "VA": "2.89#6.80"
            }
        ]
    },
    {
        "ID": "lap26_aspect_va_dev_176",
        "Aspect_VA": [
            {
                "Aspect": "['value']",
                "VA": "7.36#7.24"
            }
        ]
    },
    {
        "ID": "lap26_aspect_va_dev_177",
        "Aspect_VA": [
            {
                "Aspect": "['battery life']",
                "VA": "5.19#5.79"
            }
        ]
    },
    {
        "ID": "lap26_aspect_va_dev_178",
        "Aspect_VA": [
            {
                "Aspect": "['windows 8']",
                "VA": "4.85#5.36"
            }
        ]
    },
    {
        "ID": "lap26_aspect_va_dev_179",
        "Aspect_VA": [
            {
                "Aspect": "['laptop']",
                "VA": "7.01#7.07"
            }
        ]
    },
    {
        "ID": "lap26_aspect_va_dev_180",
        "Aspect_VA": [
            {
                "Aspect": "['laptop']",
                "VA": "7.82#7.76"
            }
        ]
    },
    {
        "ID": "lap26_aspect_va_dev_181",
        "Aspect_VA": [
            {
                "Aspect": "['laptop']",
                "VA": "7.08#6.97"
            }
        ]
    },
    {
        "ID": "lap26_aspect_va_dev_182",
        "Aspect_VA": [
            {
                "Aspect": "['Chromebook']",
                "VA": "7.51#7.47"
            }
        ]
    },
    {
        "ID": "lap26_aspect_va_dev_183",
        "Aspect_VA": [
            {
                "Aspect": "['battery']",
                "VA": "3.92#5.82"
            }
        ]
    },
    {
        "ID": "lap26_aspect_va_dev_184",
        "Aspect_VA": [
            {
                "Aspect": "['Processing', 'lag/delays']",
                "VA": "6.62#6.62"
            }
        ]
    },
    {
        "ID": "lap26_aspect_va_dev_185",
        "Aspect_VA": [
            {
                "Aspect": "['Price']",
                "VA": "7.55#7.54"
            }
        ]
    },
    {
        "ID": "lap26_aspect_va_dev_186",
        "Aspect_VA": [
            {
                "Aspect": "['32GB of Ram']",
                "VA": "7.24#7.20"
            }
        ]
    },
    {
        "ID": "lap26_aspect_va_dev_187",
        "Aspect_VA": [
            {
                "Aspect": "['laptop', 'value']",
                "VA": "6.84#6.83"
            }
        ]
    },
    {
        "ID": "lap26_aspect_va_dev_188",
        "Aspect_VA": [
            {
                "Aspect": "['display', 'resolution']",
                "VA": "7.79#7.81"
            }
        ]
    },
    {
        "ID": "lap26_aspect_va_dev_189",
        "Aspect_VA": [
            {
                "Aspect": "['Multi color backlit keyboard']",
                "VA": "7.41#7.18"
            }
        ]
    },
    {
        "ID": "lap26_aspect_va_dev_190",
        "Aspect_VA": [
            {
                "Aspect": "['features']",
                "VA": "6.94#6.91"
            }
        ]
    },
    {
        "ID": "lap26_aspect_va_dev_191",
        "Aspect_VA": [
            {
                "Aspect": "['Graphics', 'volume']",
                "VA": "7.33#7.13"
            }
        ]
    },
    {
        "ID": "lap26_aspect_va_dev_192",
        "Aspect_VA": [
            {
                "Aspect": "['keyboard', 'touchpad']",
                "VA": "7.21#7.16"
            }
        ]
    },
    {
        "ID": "lap26_aspect_va_dev_193",
        "Aspect_VA": [
            {
                "Aspect": "['Windows 10']",
                "VA": "4.00#6.17"
            }
        ]
    },
    {
        "ID": "lap26_aspect_va_dev_194",
        "Aspect_VA": [
            {
                "Aspect": "['Windows 8']",
                "VA": "6.51#6.53"
            }
        ]
    },
    {
        "ID": "lap26_aspect_va_dev_195",
        "Aspect_VA": [
            {
                "Aspect": "['speaker']",
                "VA": "6.26#6.27"
            }
        ]
    },
    {
        "ID": "lap26_aspect_va_dev_196",
        "Aspect_VA": [
            {
                "Aspect": "['laptop']",
                "VA": "6.63#6.44"
            }
        ]
    },
    {
        "ID": "lap26_aspect_va_dev_197",
        "Aspect_VA": [
            {
                "Aspect": "['Apple computer company', 'computer']",
                "VA": "6.91#6.83"
            }
        ]
    },
    {
        "ID": "lap26_aspect_va_dev_198",
        "Aspect_VA": [
            {
                "Aspect": "['new touchprint feature']",
                "VA": "6.73#6.65"
            }
        ]
    },
    {
        "ID": "lap26_aspect_va_dev_199",
        "Aspect_VA": [
            {
                "Aspect": "['Chromebook']",
                "VA": "7.40#7.30"
            }
        ]
    },
    {
        "ID": "lap26_aspect_va_dev_200",
        "Aspect_VA": [
            {
                "Aspect": "['computer']",
                "VA": "7.83#7.90"
            }
        ]
    }
]