[
    {
        "ID": "lap26_aspect_va_dev_1",
        "Target": "['touchscreen']",
        "Predicted_VA": "6.75#6.75"
    },
    {
        "ID": "lap26_aspect_va_dev_2",
        "Target": "['HP']",
        "Predicted_VA": "2.50#6.69"
    },
    {
        "ID": "lap26_aspect_va_dev_3",
        "Target": "['keyboard']",
        "Predicted_VA": "6.70#6.64"
    },
    {
        "ID": "lap26_aspect_va_dev_4",
        "Target": "['screen size']",
        "Predicted_VA": "6.69#6.71"
    },
    {
        "ID": "lap26_aspect_va_dev_5",
        "Target": "['Lenovo']",
        "Predicted_VA": "7.69#7.64"
    },
    {
        "ID": "lap26_aspect_va_dev_6",
        "Target": "['sound']",
        "Predicted_VA": "7.27#7.28"
    },
    {
        "ID": "lap26_aspect_va_dev_7",
        "Target": "['quality']",
        "Predicted_VA": "7.55#7.58"
    },
    {
        "ID": "lap26_aspect_va_dev_8",
        "Target": "['on screen keyboard']",
        "Predicted_VA": "7.21#7.11"
    },
    {
        "ID": "lap26_aspect_va_dev_9",
        "Target": "['laptop']",
        "Predicted_VA": "7.72#7.68"
    },
    {
        "ID": "lap26_aspect_va_dev_10",
        "Target": "['functionality of the trackpad']",
        "Predicted_VA": "7.28#7.27"
    },
    {
        "ID": "lap26_aspect_va_dev_11",
        "Target": "['new Lenovo']",
        "Predicted_VA": "7.31#7.19"
    },
    {
        "ID": "lap26_aspect_va_dev_12",
        "Target": "['touch screen', 'screen']",
        "Predicted_VA": "7.14#7.07"
    },
    {
        "ID": "lap26_aspect_va_dev_13",
        "Target": "['Dell 13', 'keyboard', 'HP battery life']",
        "Predicted_VA": "5.90#5.93"
    },
    {
        "ID": "lap26_aspect_va_dev_14",
        "Target": "['Screen clarity', 'Screen']",
        "Predicted_VA": "7.43#7.37"
    },
    {
        "ID": "lap26_aspect_va_dev_15",
        "Target": "['15 HD screen']",
        "Predicted_VA": "6.39#6.42"
    },
    {
        "ID": "lap26_aspect_va_dev_16",
        "Target": "['performance']",
        "Predicted_VA": "7.44#7.40"
    },
    {
        "ID": "lap26_aspect_va_dev_17",
        "Target": "['sound']",
        "Predicted_VA": "7.07#7.08"
    },
    {
        "ID": "lap26_aspect_va_dev_18",
        "Target": "['Speakers']",
        "Predicted_VA": "2.93#7.12"
    },
    {
        "ID": "lap26_aspect_va_dev_19",
        "Target": "['Windows 8', 'laptop']",
        "Predicted_VA": "7.14#6.94"
    },
    {
        "ID": "lap26_aspect_va_dev_20",
        "Target": "['HP']",
        "Predicted_VA": "7.48#7.41"
    },
    {
        "ID": "lap26_aspect_va_dev_21",
        "Target": "['Dells']",
        "Predicted_VA": "7.18#7.12"
    },
    {
        "ID": "lap26_aspect_va_dev_22",
        "Target": "['laptop']",
        "Predicted_VA": "6.75#6.71"
    },
    {
        "ID": "lap26_aspect_va_dev_23",
        "Target": "['battery life']",
        "Predicted_VA": "7.44#7.54"
    },
    {
        "ID": "lap26_aspect_va_dev_24",
        "Target": "['graphics', 'startup']",
        "Predicted_VA": "6.82#6.79"
    },
    {
        "ID": "lap26_aspect_va_dev_25",
        "Target": "['color', 'definition']",
        "Predicted_VA": "7.22#7.12"
    },
    {
        "ID": "lap26_aspect_va_dev_26",
        "Target": "['notebook']",
        "Predicted_VA": "7.89#7.78"
    },
    {
        "ID": "lap26_aspect_va_dev_27",
        "Target": "['facial recognition']",
        "Predicted_VA": "7.41#7.24"
    },
    {
        "ID": "lap26_aspect_va_dev_28",
        "Target": "['laptops', 'customer service']",
        "Predicted_VA": "4.43#6.11"
    },
    {
        "ID": "lap26_aspect_va_dev_29",
        "Target": "['screen']",
        "Predicted_VA": "5.27#5.52"
    },
    {
        "ID": "lap26_aspect_va_dev_30",
        "Target": "['memory', 'processing power']",
        "Predicted_VA": "6.36#6.42"
    },
    {
        "ID": "lap26_aspect_va_dev_31",
        "Target": "['Lenovo tech support']",
        "Predicted_VA": "3.14#6.86"
    },
    {
        "ID": "lap26_aspect_va_dev_32",
        "Target": "['laptop']",
        "Predicted_VA": "8.02#7.94"
    },
    {
        "ID": "lap26_aspect_va_dev_33",
        "Target": "['laptop', 'screen']",
        "Predicted_VA": "6.72#6.62"
    },
    {
        "ID": "lap26_aspect_va_dev_34",
        "Target": "['laptop']",
        "Predicted_VA": "7.55#7.41"
    },
    {
        "ID": "lap26_aspect_va_dev_35",
        "Target": "['ASUS hardware']",
        "Predicted_VA": "7.47#7.28"
    },
    {
        "ID": "lap26_aspect_va_dev_36",
        "Target": "['HP 17.3 Inch Laptop Computer']",
        "Predicted_VA": "6.94#6.77"
    },
    {
        "ID": "lap26_aspect_va_dev_37",
        "Target": "['screen', 'keyboard', 'track pad', 'speed', 'memory']",
        "Predicted_VA": "6.89#6.87"
    },
    {
        "ID": "lap26_aspect_va_dev_38",
        "Target": "['500GB SSD', 'capacity']",
        "Predicted_VA": "7.29#7.19"
    },
    {
        "ID": "lap26_aspect_va_dev_39",
        "Target": "['speed', 'battery life']",
        "Predicted_VA": "7.57#7.49"
    },
    {
        "ID": "lap26_aspect_va_dev_40",
        "Target": "['battery life']",
        "Predicted_VA": "7.88#7.89"
    },
    {
        "ID": "lap26_aspect_va_dev_41",
        "Target": "['ram', 'drive', 'machine']",
        "Predicted_VA": "7.11#7.20"
    },
    {
        "ID": "lap26_aspect_va_dev_42",
        "Target": "['new computer']",
        "Predicted_VA": "7.47#7.40"
    },
    {
        "ID": "lap26_aspect_va_dev_43",
        "Target": "['chrome book']",
        "Predicted_VA": "7.17#7.13"
    },
    {
        "ID": "lap26_aspect_va_dev_44",
        "Target": "['price', 'laptop']",
        "Predicted_VA": "6.93#6.94"
    },
    {
        "ID": "lap26_aspect_va_dev_45",
        "Target": "['battery life']",
        "Predicted_VA": "7.06#6.66"
    },
    {
        "ID": "lap26_aspect_va_dev_46",
        "Target": "['Battery life']",
        "Predicted_VA": "3.16#6.55"
    },
    {
        "ID": "lap26_aspect_va_dev_47",
        "Target": "['laptop']",
        "Predicted_VA": "6.77#6.70"
    },
    {
        "ID": "lap26_aspect_va_dev_48",
        "Target": "['HP Pavilion laptop']",
        "Predicted_VA": "7.44#7.19"
    },
    {
        "ID": "lap26_aspect_va_dev_49",
        "Target": "['battery life']",
        "Predicted_VA": "7.07#7.02"
    },
    {
        "ID": "lap26_aspect_va_dev_50",
        "Target": "['Boot-up']",
        "Predicted_VA": "7.27#7.33"
    },
    {
        "ID": "lap26_aspect_va_dev_51",
        "Target": "['display', 'boot times']",
        "Predicted_VA": "7.18#6.98"
    },
    {
        "ID": "lap26_aspect_va_dev_52",
        "Target": "['lenovo']",
        "Predicted_VA": "6.05#6.01"
    },
    {
        "ID": "lap26_aspect_va_dev_53",
        "Target": "['ACER', 'ACER PRODUCT']",
        "Predicted_VA": "3.99#5.75"
    },
    {
        "ID": "lap26_aspect_va_dev_54",
        "Target": "['Customer service']",
        "Predicted_VA": "7.34#7.28"
    },
    {
        "ID": "lap26_aspect_va_dev_55",
        "Target": "['screen', 'design', 'laptop']",
        "Predicted_VA": "5.86#5.89"
    },
    {
        "ID": "lap26_aspect_va_dev_56",
        "Target": "['windows 10']",
        "Predicted_VA": "6.82#6.65"
    },
    {
        "ID": "lap26_aspect_va_dev_57",
        "Target": "['HP laptop']",
        "Predicted_VA": "7.49#7.32"
    },
    {
        "ID": "lap26_aspect_va_dev_58",
        "Target": "['Battery life']",
        "Predicted_VA": "6.70#6.75"
    },
    {
        "ID": "lap26_aspect_va_dev_59",
        "Target": "['backlit keyboard']",
        "Predicted_VA": "7.47#7.20"
    },
    {
        "ID": "lap26_aspect_va_dev_60",
        "Target": "['HP Stream Laptop']",
        "Predicted_VA": "6.24#6.30"
    },
    {
        "ID": "lap26_aspect_va_dev_61",
        "Target": "['screen quality', 'size', 'sound quality']",
        "Predicted_VA": "7.31#7.29"
    },
    {
        "ID": "lap26_aspect_va_dev_62",
        "Target": "['Toshiba KiraBook']",
        "Predicted_VA": "6.61#5.92"
    },
    {
        "ID": "lap26_aspect_va_dev_63",
        "Target": "['laptop']",
        "Predicted_VA": "7.84#7.84"
    },
    {
        "ID": "lap26_aspect_va_dev_64",
        "Target": "['Battery life']",
        "Predicted_VA": "5.48#5.56"
    },
    {
        "ID": "lap26_aspect_va_dev_65",
        "Target": "['screen', 'colors']",
        "Predicted_VA": "7.06#7.05"
    },
    {
        "ID": "lap26_aspect_va_dev_66",
        "Target": "['HP Chromebook']",
        "Predicted_VA": "7.86#7.73"
    },
    {
        "ID": "lap26_aspect_va_dev_67",
        "Target": "['Touch screen']",
        "Predicted_VA": "7.41#7.32"
    },
    {
        "ID": "lap26_aspect_va_dev_68",
        "Target": "['Laptop']",
        "Predicted_VA": "6.15#6.22"
    },
    {
        "ID": "lap26_aspect_va_dev_69",
        "Target": "['Windows 10 Home']",
        "Predicted_VA": "6.95#6.91"
    },
    {
        "ID": "lap26_aspect_va_dev_70",
        "Target": "['screen']",
        "Predicted_VA": "6.36#6.41"
    },
    {
        "ID": "lap26_aspect_va_dev_71",
        "Target": "['Touchscreen', 'mouse']",
        "Predicted_VA": "7.10#7.20"
    },
    {
        "ID": "lap26_aspect_va_dev_72",
        "Target": "['256gb SSD']",
        "Predicted_VA": "7.60#7.45"
    },
    {
        "ID": "lap26_aspect_va_dev_73",
        "Target": "['Build quality', 'keyboard', 'numberpad']",
        "Predicted_VA": "7.08#6.85"
    },
    {
        "ID": "lap26_aspect_va_dev_74",
        "Target": "['Asus laptops']",
        "Predicted_VA": "7.05#6.98"
    },
    {
        "ID": "lap26_aspect_va_dev_75",
        "Target": "['high', 'laptop']",
        "Predicted_VA": "7.45#7.33"
    },
    {
        "ID": "lap26_aspect_va_dev_76",
        "Target": "['Screen resolution']",
        "Predicted_VA": "6.61#6.64"
    },
    {
        "ID": "lap26_aspect_va_dev_77",
        "Target": "['storage', 'computer', 'response']",
        "Predicted_VA": "7.26#7.21"
    },
    {
        "ID": "lap26_aspect_va_dev_78",
        "Target": "['computer']",
        "Predicted_VA": "7.55#7.45"
    },
    {
        "ID": "lap26_aspect_va_dev_79",
        "Target": "['company']",
        "Predicted_VA": "6.21#6.44"
    },
    {
        "ID": "lap26_aspect_va_dev_80",
        "Target": "['laptop']",
        "Predicted_VA": "3.74#5.90"
    },
    {
        "ID": "lap26_aspect_va_dev_81",
        "Target": "['illumination', 'apps']",
        "Predicted_VA": "7.42#7.25"
    },
    {
        "ID": "lap26_aspect_va_dev_82",
        "Target": "['battery life']",
        "Predicted_VA": "7.67#7.77"
    },
    {
        "ID": "lap26_aspect_va_dev_83",
        "Target": "['ports', 'graphics', 'battery life']",
        "Predicted_VA": "7.32#7.27"
    },
    {
        "ID": "lap26_aspect_va_dev_84",
        "Target": "['delivery']",
        "Predicted_VA": "7.28#7.26"
    },
    {
        "ID": "lap26_aspect_va_dev_85",
        "Target": "['laptop']",
        "Predicted_VA": "7.44#7.32"
    },
    {
        "ID": "lap26_aspect_va_dev_86",
        "Target": "['notebook', 'loading', 'processing']",
        "Predicted_VA": "3.25#6.21"
    },
    {
        "ID": "lap26_aspect_va_dev_87",
        "Target": "['touchscreen', 'display graphics']",
        "Predicted_VA": "7.04#6.99"
    },
    {
        "ID": "lap26_aspect_va_dev_88",
        "Target": "['laptop']",
        "Predicted_VA": "7.55#7.50"
    },
    {
        "ID": "lap26_aspect_va_dev_89",
        "Target": "[\"screen's color palette\", 'speakers']",
        "Predicted_VA": "7.59#7.59"
    },
    {
        "ID": "lap26_aspect_va_dev_90",
        "Target": "['size', 'sharpness of the display']",
        "Predicted_VA": "5.42#5.59"
    },
    {
        "ID": "lap26_aspect_va_dev_91",
        "Target": "['laptop']",
        "Predicted_VA": "7.16#7.11"
    },
    {
        "ID": "lap26_aspect_va_dev_92",
        "Target": "['Keyboard', 'performance']",
        "Predicted_VA": "6.54#6.48"
    },
    {
        "ID": "lap26_aspect_va_dev_93",
        "Target": "['USB A ports']",
        "Predicted_VA": "6.81#6.64"
    },
    {
        "ID": "lap26_aspect_va_dev_94",
        "Target": "['build quality']",
        "Predicted_VA": "3.46#5.99"
    },
    {
        "ID": "lap26_aspect_va_dev_95",
        "Target": "['computer']",
        "Predicted_VA": "7.50#7.50"
    },
    {
        "ID": "lap26_aspect_va_dev_96",
        "Target": "['screen']",
        "Predicted_VA": "7.37#7.34"
    },
    {
        "ID": "lap26_aspect_va_dev_97",
        "Target": "['Screen']",
        "Predicted_VA": "3.47#5.87"
    },
    {
        "ID": "lap26_aspect_va_dev_98",
        "Target": "['computer']",
        "Predicted_VA": "6.67#6.67"
    },
    {
        "ID": "lap26_aspect_va_dev_99",
        "Target": "['laptop', 'touchpad left click']",
        "Predicted_VA": "5.05#5.54"
    },
    {
        "ID": "lap26_aspect_va_dev_100",
        "Target": "['touchscreen', 'convertible aspect']",
        "Predicted_VA": "6.54#6.43"
    },
    {
        "ID": "lap26_aspect_va_dev_101",
        "Target": "['double screen', 'quality of every app']",
        "Predicted_VA": "6.68#6.54"
    },
    {
        "ID": "lap26_aspect_va_dev_102",
        "Target": "['Battery']",
        "Predicted_VA": "7.23#7.19"
    },
    {
        "ID": "lap26_aspect_va_dev_103",
        "Target": "['computer', 'Windows 8']",
        "Predicted_VA": "4.73#6.39"
    },
    {
        "ID": "lap26_aspect_va_dev_104",
        "Target": "['keyboard']",
        "Predicted_VA": "4.51#5.28"
    },
    {
        "ID": "lap26_aspect_va_dev_105",
        "Target": "['trackpad']",
        "Predicted_VA": "2.90#7.23"
    },
    {
        "ID": "lap26_aspect_va_dev_106",
        "Target": "['LAPTOP']",
        "Predicted_VA": "7.28#7.21"
    },
    {
        "ID": "lap26_aspect_va_dev_107",
        "Target": "['PC']",
        "Predicted_VA": "7.27#7.24"
    },
    {
        "ID": "lap26_aspect_va_dev_108",
        "Target": "['screen quality']",
        "Predicted_VA": "2.99#6.85"
    },
    {
        "ID": "lap26_aspect_va_dev_109",
        "Target": "['laptop']",
        "Predicted_VA": "3.58#6.41"
    },
    {
        "ID": "lap26_aspect_va_dev_110",
        "Target": "['battery life', 'Keyboard']",
        "Predicted_VA": "6.40#6.75"
    },
    {
        "ID": "lap26_aspect_va_dev_111",
        "Target": "['computer']",
        "Predicted_VA": "7.55#7.57"
    },
    {
        "ID": "lap26_aspect_va_dev_112",
        "Target": "['Chromebooks']",
        "Predicted_VA": "6.97#6.76"
    },
    {
        "ID": "lap26_aspect_va_dev_113",
        "Target": "['weight of the laptop']",
        "Predicted_VA": "4.42#5.30"
    },
    {
        "ID": "lap26_aspect_va_dev_114",
        "Target": "['color']",
        "Predicted_VA": "7.79#7.73"
    },
    {
        "ID": "lap26_aspect_va_dev_115",
        "Target": "['Graphics']",
        "Predicted_VA": "6.76#6.76"
    },
    {
        "ID": "lap26_aspect_va_dev_116",
        "Target": "['cooling fan']",
        "Predicted_VA": "4.93#5.34"
    },
    {
        "ID": "lap26_aspect_va_dev_117",
        "Target": "['computer', 'price']",
        "Predicted_VA": "6.71#6.76"
    },
    {
        "ID": "lap26_aspect_va_dev_118",
        "Target": "['display']",
        "Predicted_VA": "7.36#7.31"
    },
    {
        "ID": "lap26_aspect_va_dev_119",
        "Target": "['keyboard']",
        "Predicted_VA": "3.76#5.89"
    },
    {
        "ID": "lap26_aspect_va_dev_120",
        "Target": "['laptop']",
        "Predicted_VA": "4.34#5.83"
    },
    {
        "ID": "lap26_aspect_va_dev_121",
        "Target": "['screen', 'touchpad', 'keyboard', 'Toshiba Chromebook 2']",
        "Predicted_VA": "7.60#7.58"
    },
    {
        "ID": "lap26_aspect_va_dev_122",
        "Target": "['battery life']",
        "Predicted_VA": "7.05#7.05"
    },
    {
        "ID": "lap26_aspect_va_dev_123",
        "Target": "['quality', 'processor']",
        "Predicted_VA": "7.18#7.12"
    },
    {
        "ID": "lap26_aspect_va_dev_124",
        "Target": "['product']",
        "Predicted_VA": "2.85#6.27"
    },
    {
        "ID": "lap26_aspect_va_dev_125",
        "Target": "['Windows 8.1']",
        "Predicted_VA": "4.62#6.44"
    },
    {
        "ID": "lap26_aspect_va_dev_126",
        "Target": "['Asus fingerprint reader']",
        "Predicted_VA": "5.80#5.89"
    },
    {
        "ID": "lap26_aspect_va_dev_127",
        "Target": "['battery life']",
        "Predicted_VA": "7.78#7.74"
    },
    {
        "ID": "lap26_aspect_va_dev_128",
        "Target": "['screen', '8GB memory', '1TB HDD', 'windows 10', 'price']",
        "Predicted_VA": "7.33#7.20"
    },
    {
        "ID": "lap26_aspect_va_dev_129",
        "Target": "['mother board']",
        "Predicted_VA": "3.54#5.86"
    },
    {
        "ID": "lap26_aspect_va_dev_130",
        "Target": "['laptop']",
        "Predicted_VA": "7.35#7.50"
    },
    {
        "ID": "lap26_aspect_va_dev_131",
        "Target": "['notebook', 'tablet']",
        "Predicted_VA": "6.91#6.78"
    },
    {
        "ID": "lap26_aspect_va_dev_132",
        "Target": "['chromebook']",
        "Predicted_VA": "7.58#7.55"
    },
    {
        "ID": "lap26_aspect_va_dev_133",
        "Target": "['Keyboard back lights']",
        "Predicted_VA": "4.23#5.50"
    },
    {
        "ID": "lap26_aspect_va_dev_134",
        "Target": "['computer']",
        "Predicted_VA": "3.09#6.65"
    },
    {
        "ID": "lap26_aspect_va_dev_135",
        "Target": "['laptop', 'build']",
        "Predicted_VA": "6.67#6.80"
    },
    {
        "ID": "lap26_aspect_va_dev_136",
        "Target": "['features', 'processing power', 'ram']",
        "Predicted_VA": "7.14#6.90"
    },
    {
        "ID": "lap26_aspect_va_dev_137",
        "Target": "['Chromebook']",
        "Predicted_VA": "6.21#6.16"
    },
    {
        "ID": "lap26_aspect_va_dev_138",
        "Target": "['machine']",
        "Predicted_VA": "7.20#7.30"
    },
    {
        "ID": "lap26_aspect_va_dev_139",
        "Target": "['processing speed']",
        "Predicted_VA": "6.76#6.81"
    },
    {
        "ID": "lap26_aspect_va_dev_140",
        "Target": "['chromebook']",
        "Predicted_VA": "6.87#7.03"
    },
    {
        "ID": "lap26_aspect_va_dev_141",
        "Target": "['performance']",
        "Predicted_VA": "7.47#7.42"
    },
    {
        "ID": "lap26_aspect_va_dev_142",
        "Target": "['laptop']",
        "Predicted_VA": "5.75#5.98"
    },
    {
        "ID": "lap26_aspect_va_dev_143",
        "Target": "['Dell Chromebook']",
        "Predicted_VA": "7.62#7.59"
    },
    {
        "ID": "lap26_aspect_va_dev_144",
        "Target": "['laptop']",
        "Predicted_VA": "7.55#7.48"
    },
    {
        "ID": "lap26_aspect_va_dev_145",
        "Target": "['memory', 'HD space']",
        "Predicted_VA": "6.78#6.49"
    },
    {
        "ID": "lap26_aspect_va_dev_146",
        "Target": "['screen', 'keyboard', 'battery life', 'processor', 'storage']",
        "Predicted_VA": "7.05#7.08"
    },
    {
        "ID": "lap26_aspect_va_dev_147",
        "Target": "['HP']",
        "Predicted_VA": "7.20#7.29"
    },
    {
        "ID": "lap26_aspect_va_dev_148",
        "Target": "['Backlight']",
        "Predicted_VA": "6.88#6.87"
    },
    {
        "ID": "lap26_aspect_va_dev_149",
        "Target": "['computer']",
        "Predicted_VA": "7.75#7.69"
    },
    {
        "ID": "lap26_aspect_va_dev_150",
        "Target": "['Hard drive']",
        "Predicted_VA": "3.56#6.09"
    },
    {
        "ID": "lap26_aspect_va_dev_151",
        "Target": "['machine']",
        "Predicted_VA": "7.66#7.74"
    },
    {
        "ID": "lap26_aspect_va_dev_152",
        "Target": "['computer']",
        "Predicted_VA": "3.16#6.15"
    },
    {
        "ID": "lap26_aspect_va_dev_153",
        "Target": "['LAPTOP']",
        "Predicted_VA": "3.56#6.30"
    },
    {
        "ID": "lap26_aspect_va_dev_154",
        "Target": "['laptop']",
        "Predicted_VA": "3.76#5.72"
    },
    {
        "ID": "lap26_aspect_va_dev_155",
        "Target": "['processing', 'systems']",
        "Predicted_VA": "7.61#7.54"
    },
    {
        "ID": "lap26_aspect_va_dev_156",
        "Target": "['trackpad']",
        "Predicted_VA": "5.22#5.29"
    },
    {
        "ID": "lap26_aspect_va_dev_157",
        "Target": "['screen']",
        "Predicted_VA": "7.83#7.84"
    },
    {
        "ID": "lap26_aspect_va_dev_158",
        "Target": "['keyboard']",
        "Predicted_VA": "6.63#6.44"
    },
    {
        "ID": "lap26_aspect_va_dev_159",
        "Target": "['Macbook']",
        "Predicted_VA": "6.43#6.41"
    },
    {
        "ID": "lap26_aspect_va_dev_160",
        "Target": "['laptop']",
        "Predicted_VA": "7.04#7.03"
    },
    {
        "ID": "lap26_aspect_va_dev_161",
        "Target": "['shipping', 'quality']",
        "Predicted_VA": "7.36#7.36"
    },
    {
        "ID": "lap26_aspect_va_dev_162",
        "Target": "['device', 'Chromebook']",
        "Predicted_VA": "7.55#7.35"
    },
    {
        "ID": "lap26_aspect_va_dev_163",
        "Target": "['notebook']",
        "Predicted_VA": "7.88#7.75"
    },
    {
        "ID": "lap26_aspect_va_dev_164",
        "Target": "['Windows 10']",
        "Predicted_VA": "7.12#6.91"
    },
    {
        "ID": "lap26_aspect_va_dev_165",
        "Target": "['battery life', 'display']",
        "Predicted_VA": "6.35#6.01"
    },
    {
        "ID": "lap26_aspect_va_dev_166",
        "Target": "['MacBook Pro 15']",
        "Predicted_VA": "7.41#7.16"
    },
    {
        "ID": "lap26_aspect_va_dev_167",
        "Target": "['keyboard', 'keys']",
        "Predicted_VA": "5.00#5.78"
    },
    {
        "ID": "lap26_aspect_va_dev_168",
        "Target": "['laptop']",
        "Predicted_VA": "7.44#7.54"
    },
    {
        "ID": "lap26_aspect_va_dev_169",
        "Target": "['fan']",
        "Predicted_VA": "5.57#5.83"
    },
    {
        "ID": "lap26_aspect_va_dev_170",
        "Target": "['backlit keyboard']",
        "Predicted_VA": "7.55#7.38"
    },
    {
        "ID": "lap26_aspect_va_dev_171",
        "Target": "['new Acer']",
        "Predicted_VA": "7.40#7.39"
    },
    {
        "ID": "lap26_aspect_va_dev_172",
        "Target": "['i5 processor']",
        "Predicted_VA": "7.13#7.03"
    },
    {
        "ID": "lap26_aspect_va_dev_173",
        "Target": "['hardware on this computer']",
        "Predicted_VA": "6.23#6.37"
    },
    {
        "ID": "lap26_aspect_va_dev_174",
        "Target": "['price']",
        "Predicted_VA": "6.61#6.65"
    },
    {
        "ID": "lap26_aspect_va_dev_175",
        "Target": "['display']",
        "Predicted_VA": "2.89#6.80"
    },
    {
        "ID": "lap26_aspect_va_dev_176",
        "Target": "['value']",
        "Predicted_VA": "7.36#7.24"
    },
    {
        "ID": "lap26_aspect_va_dev_177",
        "Target": "['battery life']",
        "Predicted_VA": "5.19#5.79"
    },
    {
        "ID": "lap26_aspect_va_dev_178",
        "Target": "['windows 8']",
        "Predicted_VA": "4.85#5.36"
    },
    {
        "ID": "lap26_aspect_va_dev_179",
        "Target": "['laptop']",
        "Predicted_VA": "7.01#7.07"
    },
    {
        "ID": "lap26_aspect_va_dev_180",
        "Target": "['laptop']",
        "Predicted_VA": "7.82#7.76"
    },
    {
        "ID": "lap26_aspect_va_dev_181",
        "Target": "['laptop']",
        "Predicted_VA": "7.08#6.97"
    },
    {
        "ID": "lap26_aspect_va_dev_182",
        "Target": "['Chromebook']",
        "Predicted_VA": "7.51#7.47"
    },
    {
        "ID": "lap26_aspect_va_dev_183",
        "Target": "['battery']",
        "Predicted_VA": "3.92#5.82"
    },
    {
        "ID": "lap26_aspect_va_dev_184",
        "Target": "['Processing', 'lag/delays']",
        "Predicted_VA": "6.62#6.62"
    },
    {
        "ID": "lap26_aspect_va_dev_185",
        "Target": "['Price']",
        "Predicted_VA": "7.55#7.54"
    },
    {
        "ID": "lap26_aspect_va_dev_186",
        "Target": "['32GB of Ram']",
        "Predicted_VA": "7.24#7.20"
    },
    {
        "ID": "lap26_aspect_va_dev_187",
        "Target": "['laptop', 'value']",
        "Predicted_VA": "6.84#6.83"
    },
    {
        "ID": "lap26_aspect_va_dev_188",
        "Target": "['display', 'resolution']",
        "Predicted_VA": "7.79#7.81"
    },
    {
        "ID": "lap26_aspect_va_dev_189",
        "Target": "['Multi color backlit keyboard']",
        "Predicted_VA": "7.41#7.18"
    },
    {
        "ID": "lap26_aspect_va_dev_190",
        "Target": "['features']",
        "Predicted_VA": "6.94#6.91"
    },
    {
        "ID": "lap26_aspect_va_dev_191",
        "Target": "['Graphics', 'volume']",
        "Predicted_VA": "7.33#7.13"
    },
    {
        "ID": "lap26_aspect_va_dev_192",
        "Target": "['keyboard', 'touchpad']",
        "Predicted_VA": "7.21#7.16"
    },
    {
        "ID": "lap26_aspect_va_dev_193",
        "Target": "['Windows 10']",
        "Predicted_VA": "4.00#6.17"
    },
    {
        "ID": "lap26_aspect_va_dev_194",
        "Target": "['Windows 8']",
        "Predicted_VA": "6.51#6.53"
    },
    {
        "ID": "lap26_aspect_va_dev_195",
        "Target": "['speaker']",
        "Predicted_VA": "6.26#6.27"
    },
    {
        "ID": "lap26_aspect_va_dev_196",
        "Target": "['laptop']",
        "Predicted_VA": "6.63#6.44"
    },
    {
        "ID": "lap26_aspect_va_dev_197",
        "Target": "['Apple computer company', 'computer']",
        "Predicted_VA": "6.91#6.83"
    },
    {
        "ID": "lap26_aspect_va_dev_198",
        "Target": "['new touchprint feature']",
        "Predicted_VA": "6.73#6.65"
    },
    {
        "ID": "lap26_aspect_va_dev_199",
        "Target": "['Chromebook']",
        "Predicted_VA": "7.40#7.30"
    },
    {
        "ID": "lap26_aspect_va_dev_200",
        "Target": "['computer']",
        "Predicted_VA": "7.83#7.90"
    }
]