{"ID": "lap26_aspect_va_dev_1", "Aspect_VA": [{"Aspect": "touchscreen", "VA": "6.92#6.90"}]}
{"ID": "lap26_aspect_va_dev_2", "Aspect_VA": [{"Aspect": "HP", "VA": "2.51#6.61"}]}
{"ID": "lap26_aspect_va_dev_3", "Aspect_VA": [{"Aspect": "keyboard", "VA": "6.84#6.72"}]}
{"ID": "lap26_aspect_va_dev_4", "Aspect_VA": [{"Aspect": "screen size", "VA": "6.69#6.71"}]}
{"ID": "lap26_aspect_va_dev_5", "Aspect_VA": [{"Aspect": "Lenovo", "VA": "7.76#7.68"}]}
{"ID": "lap26_aspect_va_dev_6", "Aspect_VA": [{"Aspect": "sound", "VA": "7.45#7.44"}]}
{"ID": "lap26_aspect_va_dev_7", "Aspect_VA": [{"Aspect": "quality", "VA": "7.60#7.51"}]}
{"ID": "lap26_aspect_va_dev_8", "Aspect_VA": [{"Aspect": "on screen keyboard", "VA": "7.29#7.16"}]}
{"ID": "lap26_aspect_va_dev_9", "Aspect_VA": [{"Aspect": "laptop", "VA": "7.77#7.73"}]}
{"ID": "lap26_aspect_va_dev_10", "Aspect_VA": [{"Aspect": "functionality of the trackpad", "VA": "7.41#7.35"}]}
{"ID": "lap26_aspect_va_dev_11", "Aspect_VA": [{"Aspect": "new Lenovo", "VA": "7.33#7.23"}]}
{"ID": "lap26_aspect_va_dev_12", "Aspect_VA": [{"Aspect": "touch screen", "VA": "7.26#7.26"}, {"Aspect": "screen", "VA": "7.21#7.22"}]}
{"ID": "lap26_aspect_va_dev_13", "Aspect_VA": [{"Aspect": "Dell 13", "VA": "6.80#6.84"}, {"Aspect": "keyboard", "VA": "5.08#5.70"}, {"Aspect": "HP battery life", "VA": "4.18#5.83"}]}
{"ID": "lap26_aspect_va_dev_14", "Aspect_VA": [{"Aspect": "Screen clarity", "VA": "7.64#7.64"}, {"Aspect": "Screen", "VA": "7.49#7.54"}]}
{"ID": "lap26_aspect_va_dev_15", "Aspect_VA": [{"Aspect": "15 HD screen", "VA": "6.64#6.65"}]}
{"ID": "lap26_aspect_va_dev_16", "Aspect_VA": [{"Aspect": "performance", "VA": "7.54#7.42"}]}
{"ID": "lap26_aspect_va_dev_17", "Aspect_VA": [{"Aspect": "sound", "VA": "7.09#7.11"}]}
{"ID": "lap26_aspect_va_dev_18", "Aspect_VA": [{"Aspect": "Speakers", "VA": "2.55#7.31"}]}
{"ID": "lap26_aspect_va_dev_19", "Aspect_VA": [{"Aspect": "Windows 8", "VA": "7.43#7.26"}, {"Aspect": "laptop", "VA": "7.16#7.07"}]}
{"ID": "lap26_aspect_va_dev_20", "Aspect_VA": [{"Aspect": "HP", "VA": "7.54#7.55"}]}
{"ID": "lap26_aspect_va_dev_21", "Aspect_VA": [{"Aspect": "Dells", "VA": "7.23#7.28"}]}
{"ID": "lap26_aspect_va_dev_22", "Aspect_VA": [{"Aspect": "laptop", "VA": "6.87#6.80"}]}
{"ID": "lap26_aspect_va_dev_23", "Aspect_VA": [{"Aspect": "battery life", "VA": "7.55#7.68"}]}
{"ID": "lap26_aspect_va_dev_24", "Aspect_VA": [{"Aspect": "graphics", "VA": "6.80#6.78"}, {"Aspect": "startup", "VA": "7.06#7.03"}]}
{"ID": "lap26_aspect_va_dev_25", "Aspect_VA": [{"Aspect": "color", "VA": "7.54#7.33"}, {"Aspect": "definition", "VA": "7.39#7.32"}]}
{"ID": "lap26_aspect_va_dev_26", "Aspect_VA": [{"Aspect": "notebook", "VA": "7.95#7.76"}]}
{"ID": "lap26_aspect_va_dev_27", "Aspect_VA": [{"Aspect": "facial recognition", "VA": "7.49#7.23"}]}
{"ID": "lap26_aspect_va_dev_28", "Aspect_VA": [{"Aspect": "laptops", "VA": "6.60#6.69"}, {"Aspect": "customer service", "VA": "2.61#6.80"}]}
{"ID": "lap26_aspect_va_dev_29", "Aspect_VA": [{"Aspect": "screen", "VA": "5.09#5.27"}]}
{"ID": "lap26_aspect_va_dev_30", "Aspect_VA": [{"Aspect": "memory", "VA": "6.79#6.60"}, {"Aspect": "processing power", "VA": "6.68#6.47"}]}
{"ID": "lap26_aspect_va_dev_31", "Aspect_VA": [{"Aspect": "Lenovo tech support", "VA": "2.86#7.11"}]}
{"ID": "lap26_aspect_va_dev_32", "Aspect_VA": [{"Aspect": "laptop", "VA": "8.02#7.92"}]}
{"ID": "lap26_aspect_va_dev_33", "Aspect_VA": [{"Aspect": "laptop", "VA": "6.97#6.89"}, {"Aspect": "screen", "VA": "6.89#6.72"}]}
{"ID": "lap26_aspect_va_dev_34", "Aspect_VA": [{"Aspect": "laptop", "VA": "7.62#7.46"}]}
{"ID": "lap26_aspect_va_dev_35", "Aspect_VA": [{"Aspect": "ASUS hardware", "VA": "7.56#7.57"}]}
{"ID": "lap26_aspect_va_dev_36", "Aspect_VA": [{"Aspect": "HP 17.3 Inch Laptop Computer", "VA": "7.13#6.87"}]}
{"ID": "lap26_aspect_va_dev_37", "Aspect_VA": [{"Aspect": "screen", "VA": "7.14#7.17"}, {"Aspect": "keyboard", "VA": "7.11#7.27"}, {"Aspect": "track pad", "VA": "7.12#7.20"}, {"Aspect": "speed", "VA": "7.19#7.14"}, {"Aspect": "memory", "VA": "7.09#7.03"}]}
{"ID": "lap26_aspect_va_dev_38", "Aspect_VA": [{"Aspect": "500GB SSD", "VA": "7.42#7.32"}, {"Aspect": "capacity", "VA": "7.28#7.11"}]}
{"ID": "lap26_aspect_va_dev_39", "Aspect_VA": [{"Aspect": "speed", "VA": "7.90#7.73"}, {"Aspect": "battery life", "VA": "7.79#7.74"}]}
{"ID": "lap26_aspect_va_dev_40", "Aspect_VA": [{"Aspect": "battery life", "VA": "8.05#8.04"}]}
{"ID": "lap26_aspect_va_dev_41", "Aspect_VA": [{"Aspect": "ram", "VA": "7.25#7.37"}, {"Aspect": "drive", "VA": "7.30#7.29"}, {"Aspect": "machine", "VA": "7.30#7.34"}]}
{"ID": "lap26_aspect_va_dev_42", "Aspect_VA": [{"Aspect": "new computer", "VA": "7.46#7.43"}]}
{"ID": "lap26_aspect_va_dev_43", "Aspect_VA": [{"Aspect": "chrome book", "VA": "7.32#7.33"}]}
{"ID": "lap26_aspect_va_dev_44", "Aspect_VA": [{"Aspect": "price", "VA": "7.09#6.96"}, {"Aspect": "laptop", "VA": "7.17#7.10"}]}
{"ID": "lap26_aspect_va_dev_45", "Aspect_VA": [{"Aspect": "battery life", "VA": "7.44#7.38"}]}
{"ID": "lap26_aspect_va_dev_46", "Aspect_VA": [{"Aspect": "Battery life", "VA": "2.99#6.59"}]}
{"ID": "lap26_aspect_va_dev_47", "Aspect_VA": [{"Aspect": "laptop", "VA": "6.86#6.78"}]}
{"ID": "lap26_aspect_va_dev_48", "Aspect_VA": [{"Aspect": "HP Pavilion laptop", "VA": "7.55#7.37"}]}
{"ID": "lap26_aspect_va_dev_49", "Aspect_VA": [{"Aspect": "battery life", "VA": "7.30#7.17"}]}
{"ID": "lap26_aspect_va_dev_50", "Aspect_VA": [{"Aspect": "Boot-up", "VA": "7.50#7.47"}]}
{"ID": "lap26_aspect_va_dev_51", "Aspect_VA": [{"Aspect": "display", "VA": "7.42#7.34"}, {"Aspect": "boot times", "VA": "7.41#7.20"}]}
{"ID": "lap26_aspect_va_dev_52", "Aspect_VA": [{"Aspect": "lenovo", "VA": "6.05#5.97"}]}
{"ID": "lap26_aspect_va_dev_53", "Aspect_VA": [{"Aspect": "ACER", "VA": "4.08#5.78"}, {"Aspect": "ACER PRODUCT", "VA": "3.78#5.68"}]}
{"ID": "lap26_aspect_va_dev_54", "Aspect_VA": [{"Aspect": "Customer service", "VA": "7.43#7.39"}]}
{"ID": "lap26_aspect_va_dev_55", "Aspect_VA": [{"Aspect": "screen", "VA": "6.62#6.42"}, {"Aspect": "design", "VA": "6.72#6.60"}, {"Aspect": "laptop", "VA": "6.25#6.19"}]}
{"ID": "lap26_aspect_va_dev_56", "Aspect_VA": [{"Aspect": "windows 10", "VA": "7.08#7.04"}]}
{"ID": "lap26_aspect_va_dev_57", "Aspect_VA": [{"Aspect": "HP laptop", "VA": "7.48#7.31"}]}
{"ID": "lap26_aspect_va_dev_58", "Aspect_VA": [{"Aspect": "Battery life", "VA": "6.78#6.88"}]}
{"ID": "lap26_aspect_va_dev_59", "Aspect_VA": [{"Aspect": "backlit keyboard", "VA": "7.87#7.69"}]}
{"ID": "lap26_aspect_va_dev_60", "Aspect_VA": [{"Aspect": "HP Stream Laptop", "VA": "6.27#6.46"}]}
{"ID": "lap26_aspect_va_dev_61", "Aspect_VA": [{"Aspect": "screen quality", "VA": "7.37#7.40"}, {"Aspect": "size", "VA": "7.47#7.56"}, {"Aspect": "sound quality", "VA": "7.32#7.36"}]}
{"ID": "lap26_aspect_va_dev_62", "Aspect_VA": [{"Aspect": "Toshiba KiraBook", "VA": "6.54#6.02"}]}
{"ID": "lap26_aspect_va_dev_63", "Aspect_VA": [{"Aspect": "laptop", "VA": "7.98#7.97"}]}
{"ID": "lap26_aspect_va_dev_64", "Aspect_VA": [{"Aspect": "Battery life", "VA": "5.42#5.42"}]}
{"ID": "lap26_aspect_va_dev_65", "Aspect_VA": [{"Aspect": "screen", "VA": "7.37#7.36"}, {"Aspect": "colors", "VA": "7.18#7.04"}]}
{"ID": "lap26_aspect_va_dev_66", "Aspect_VA": [{"Aspect": "HP Chromebook", "VA": "7.96#7.84"}]}
{"ID": "lap26_aspect_va_dev_67", "Aspect_VA": [{"Aspect": "Touch screen", "VA": "7.59#7.52"}]}
{"ID": "lap26_aspect_va_dev_68", "Aspect_VA": [{"Aspect": "Laptop", "VA": "6.26#6.20"}]}
{"ID": "lap26_aspect_va_dev_69", "Aspect_VA": [{"Aspect": "Windows 10 Home", "VA": "7.01#7.13"}]}
{"ID": "lap26_aspect_va_dev_70", "Aspect_VA": [{"Aspect": "screen", "VA": "6.80#6.81"}]}
{"ID": "lap26_aspect_va_dev_71", "Aspect_VA": [{"Aspect": "Touchscreen", "VA": "7.33#7.44"}, {"Aspect": "mouse", "VA": "7.36#7.42"}]}
{"ID": "lap26_aspect_va_dev_72", "Aspect_VA": [{"Aspect": "256gb SSD", "VA": "7.67#7.67"}]}
{"ID": "lap26_aspect_va_dev_73", "Aspect_VA": [{"Aspect": "Build quality", "VA": "7.21#7.07"}, {"Aspect": "keyboard", "VA": "7.03#6.87"}, {"Aspect": "numberpad", "VA": "7.09#6.89"}]}
{"ID": "lap26_aspect_va_dev_74", "Aspect_VA": [{"Aspect": "Asus laptops", "VA": "7.06#7.06"}]}
{"ID": "lap26_aspect_va_dev_75", "Aspect_VA": [{"Aspect": "high", "VA": "7.51#7.55"}, {"Aspect": "laptop", "VA": "7.50#7.50"}]}
{"ID": "lap26_aspect_va_dev_76", "Aspect_VA": [{"Aspect": "Screen resolution", "VA": "6.66#6.72"}]}
{"ID": "lap26_aspect_va_dev_77", "Aspect_VA": [{"Aspect": "storage", "VA": "7.46#7.40"}, {"Aspect": "computer", "VA": "7.48#7.35"}, {"Aspect": "response", "VA": "7.39#7.31"}]}
{"ID": "lap26_aspect_va_dev_78", "Aspect_VA": [{"Aspect": "computer", "VA": "7.68#7.46"}]}
{"ID": "lap26_aspect_va_dev_79", "Aspect_VA": [{"Aspect": "company", "VA": "6.33#6.61"}]}
{"ID": "lap26_aspect_va_dev_80", "Aspect_VA": [{"Aspect": "laptop", "VA": "3.73#5.78"}]}
{"ID": "lap26_aspect_va_dev_81", "Aspect_VA": [{"Aspect": "illumination", "VA": "7.63#7.52"}, {"Aspect": "apps", "VA": "7.29#7.18"}]}
{"ID": "lap26_aspect_va_dev_82", "Aspect_VA": [{"Aspect": "battery life", "VA": "7.78#7.91"}]}
{"ID": "lap26_aspect_va_dev_83", "Aspect_VA": [{"Aspect": "ports", "VA": "7.29#7.17"}, {"Aspect": "graphics", "VA": "7.46#7.35"}, {"Aspect": "battery life", "VA": "7.55#7.51"}]}
{"ID": "lap26_aspect_va_dev_84", "Aspect_VA": [{"Aspect": "delivery", "VA": "7.50#7.39"}]}
{"ID": "lap26_aspect_va_dev_85", "Aspect_VA": [{"Aspect": "laptop", "VA": "7.47#7.33"}]}
{"ID": "lap26_aspect_va_dev_86", "Aspect_VA": [{"Aspect": "notebook", "VA": "3.51#6.20"}, {"Aspect": "loading", "VA": "3.16#6.16"}, {"Aspect": "processing", "VA": "3.10#6.10"}]}
{"ID": "lap26_aspect_va_dev_87", "Aspect_VA": [{"Aspect": "touchscreen", "VA": "7.18#7.07"}, {"Aspect": "display graphics", "VA": "7.14#7.16"}]}
{"ID": "lap26_aspect_va_dev_88", "Aspect_VA": [{"Aspect": "laptop", "VA": "7.59#7.52"}]}
{"ID": "lap26_aspect_va_dev_89", "Aspect_VA": [{"Aspect": "screens color palette", "VA": "7.84#7.87"}, {"Aspect": "speakers", "VA": "7.60#7.64"}]}
{"ID": "lap26_aspect_va_dev_90", "Aspect_VA": [{"Aspect": "size", "VA": "5.36#5.33"}, {"Aspect": "sharpness of the display", "VA": "4.85#5.25"}]}
{"ID": "lap26_aspect_va_dev_91", "Aspect_VA": [{"Aspect": "laptop", "VA": "7.32#7.12"}]}
{"ID": "lap26_aspect_va_dev_92", "Aspect_VA": [{"Aspect": "Keyboard", "VA": "5.71#5.97"}, {"Aspect": "performance", "VA": "6.76#6.52"}]}
{"ID": "lap26_aspect_va_dev_93", "Aspect_VA": [{"Aspect": "USB A ports", "VA": "6.88#6.73"}]}
{"ID": "lap26_aspect_va_dev_94", "Aspect_VA": [{"Aspect": "build quality", "VA": "3.30#6.09"}]}
{"ID": "lap26_aspect_va_dev_95", "Aspect_VA": [{"Aspect": "computer", "VA": "7.60#7.52"}]}
{"ID": "lap26_aspect_va_dev_96", "Aspect_VA": [{"Aspect": "screen", "VA": "7.53#7.43"}]}
{"ID": "lap26_aspect_va_dev_97", "Aspect_VA": [{"Aspect": "Screen", "VA": "3.48#5.83"}]}
{"ID": "lap26_aspect_va_dev_98", "Aspect_VA": [{"Aspect": "computer", "VA": "6.90#6.68"}]}
{"ID": "lap26_aspect_va_dev_99", "Aspect_VA": [{"Aspect": "laptop", "VA": "7.11#7.14"}, {"Aspect": "touchpad left click", "VA": "4.31#5.46"}]}
{"ID": "lap26_aspect_va_dev_100", "Aspect_VA": [{"Aspect": "touchscreen", "VA": "6.81#6.80"}, {"Aspect": "convertible aspect", "VA": "6.83#6.81"}]}
{"ID": "lap26_aspect_va_dev_101", "Aspect_VA": [{"Aspect": "double screen", "VA": "6.50#6.64"}, {"Aspect": "quality of every app", "VA": "6.98#6.71"}]}
{"ID": "lap26_aspect_va_dev_102", "Aspect_VA": [{"Aspect": "Battery", "VA": "7.32#7.30"}]}
{"ID": "lap26_aspect_va_dev_103", "Aspect_VA": [{"Aspect": "computer", "VA": "7.13#7.22"}, {"Aspect": "Windows 8", "VA": "4.03#6.48"}]}
{"ID": "lap26_aspect_va_dev_104", "Aspect_VA": [{"Aspect": "keyboard", "VA": "4.44#5.19"}]}
{"ID": "lap26_aspect_va_dev_105", "Aspect_VA": [{"Aspect": "trackpad", "VA": "2.24#7.91"}]}
{"ID": "lap26_aspect_va_dev_106", "Aspect_VA": [{"Aspect": "LAPTOP", "VA": "7.46#7.28"}]}
{"ID": "lap26_aspect_va_dev_107", "Aspect_VA": [{"Aspect": "PC", "VA": "7.45#7.34"}]}
{"ID": "lap26_aspect_va_dev_108", "Aspect_VA": [{"Aspect": "screen quality", "VA": "2.52#7.25"}]}
{"ID": "lap26_aspect_va_dev_109", "Aspect_VA": [{"Aspect": "laptop", "VA": "3.38#6.49"}]}
{"ID": "lap26_aspect_va_dev_110", "Aspect_VA": [{"Aspect": "battery life", "VA": "3.47#6.90"}, {"Aspect": "Keyboard", "VA": "6.75#7.04"}]}
{"ID": "lap26_aspect_va_dev_111", "Aspect_VA": [{"Aspect": "computer", "VA": "7.53#7.40"}]}
{"ID": "lap26_aspect_va_dev_112", "Aspect_VA": [{"Aspect": "Chromebooks", "VA": "6.86#6.67"}]}
{"ID": "lap26_aspect_va_dev_113", "Aspect_VA": [{"Aspect": "weight of the laptop", "VA": "4.50#5.14"}]}
{"ID": "lap26_aspect_va_dev_114", "Aspect_VA": [{"Aspect": "color", "VA": "7.96#7.75"}]}
{"ID": "lap26_aspect_va_dev_115", "Aspect_VA": [{"Aspect": "Graphics", "VA": "6.87#6.82"}]}
{"ID": "lap26_aspect_va_dev_116", "Aspect_VA": [{"Aspect": "cooling fan", "VA": "4.87#5.29"}]}
{"ID": "lap26_aspect_va_dev_117", "Aspect_VA": [{"Aspect": "computer", "VA": "7.11#7.04"}, {"Aspect": "price", "VA": "6.94#6.91"}]}
{"ID": "lap26_aspect_va_dev_118", "Aspect_VA": [{"Aspect": "display", "VA": "7.53#7.45"}]}
{"ID": "lap26_aspect_va_dev_119", "Aspect_VA": [{"Aspect": "keyboard", "VA": "3.54#5.90"}]}
{"ID": "lap26_aspect_va_dev_120", "Aspect_VA": [{"Aspect": "laptop", "VA": "3.65#6.25"}]}
{"ID": "lap26_aspect_va_dev_121", "Aspect_VA": [{"Aspect": "screen", "VA": "7.70#7.77"}, {"Aspect": "touchpad", "VA": "7.75#7.86"}, {"Aspect": "keyboard", "VA": "7.67#7.90"}, {"Aspect": "Toshiba Chromebook 2", "VA": "7.79#7.78"}]}
{"ID": "lap26_aspect_va_dev_122", "Aspect_VA": [{"Aspect": "battery life", "VA": "7.23#7.24"}]}
{"ID": "lap26_aspect_va_dev_123", "Aspect_VA": [{"Aspect": "quality", "VA": "7.31#7.18"}, {"Aspect": "processor", "VA": "7.41#7.25"}]}
{"ID": "lap26_aspect_va_dev_124", "Aspect_VA": [{"Aspect": "product", "VA": "2.83#6.27"}]}
{"ID": "lap26_aspect_va_dev_125", "Aspect_VA": [{"Aspect": "Windows 8.1", "VA": "5.87#6.65"}]}
{"ID": "lap26_aspect_va_dev_126", "Aspect_VA": [{"Aspect": "Asus fingerprint reader", "VA": "5.82#5.94"}]}
{"ID": "lap26_aspect_va_dev_127", "Aspect_VA": [{"Aspect": "battery life", "VA": "8.02#7.95"}]}
{"ID": "lap26_aspect_va_dev_128", "Aspect_VA": [{"Aspect": "screen", "VA": "7.47#7.43"}, {"Aspect": "8GB memory", "VA": "7.55#7.35"}, {"Aspect": "1TB HDD", "VA": "7.37#7.38"}, {"Aspect": "windows 10", "VA": "7.55#7.29"}, {"Aspect": "price", "VA": "7.47#7.33"}]}
{"ID": "lap26_aspect_va_dev_129", "Aspect_VA": [{"Aspect": "mother board", "VA": "3.34#5.98"}]}
{"ID": "lap26_aspect_va_dev_130", "Aspect_VA": [{"Aspect": "laptop", "VA": "7.42#7.51"}]}
{"ID": "lap26_aspect_va_dev_131", "Aspect_VA": [{"Aspect": "notebook", "VA": "7.08#6.98"}, {"Aspect": "tablet", "VA": "7.05#7.05"}]}
{"ID": "lap26_aspect_va_dev_132", "Aspect_VA": [{"Aspect": "chromebook", "VA": "7.69#7.62"}]}
{"ID": "lap26_aspect_va_dev_133", "Aspect_VA": [{"Aspect": "Keyboard back lights", "VA": "4.11#5.68"}]}
{"ID": "lap26_aspect_va_dev_134", "Aspect_VA": [{"Aspect": "computer", "VA": "2.75#6.85"}]}
{"ID": "lap26_aspect_va_dev_135", "Aspect_VA": [{"Aspect": "laptop", "VA": "7.07#7.10"}, {"Aspect": "build", "VA": "7.21#7.35"}]}
{"ID": "lap26_aspect_va_dev_136", "Aspect_VA": [{"Aspect": "features", "VA": "7.26#7.05"}, {"Aspect": "processing power", "VA": "7.22#6.95"}, {"Aspect": "ram", "VA": "7.25#6.99"}]}
{"ID": "lap26_aspect_va_dev_137", "Aspect_VA": [{"Aspect": "Chromebook", "VA": "6.34#6.22"}]}
{"ID": "lap26_aspect_va_dev_138", "Aspect_VA": [{"Aspect": "machine", "VA": "7.37#7.36"}]}
{"ID": "lap26_aspect_va_dev_139", "Aspect_VA": [{"Aspect": "processing speed", "VA": "6.85#6.81"}]}
{"ID": "lap26_aspect_va_dev_140", "Aspect_VA": [{"Aspect": "chromebook", "VA": "6.93#6.97"}]}
{"ID": "lap26_aspect_va_dev_141", "Aspect_VA": [{"Aspect": "performance", "VA": "7.62#7.42"}]}
{"ID": "lap26_aspect_va_dev_142", "Aspect_VA": [{"Aspect": "laptop", "VA": "6.06#6.13"}]}
{"ID": "lap26_aspect_va_dev_143", "Aspect_VA": [{"Aspect": "Dell Chromebook", "VA": "7.71#7.69"}]}
{"ID": "lap26_aspect_va_dev_144", "Aspect_VA": [{"Aspect": "laptop", "VA": "7.54#7.46"}]}
{"ID": "lap26_aspect_va_dev_145", "Aspect_VA": [{"Aspect": "memory", "VA": "7.11#6.85"}, {"Aspect": "HD space", "VA": "6.88#6.61"}]}
{"ID": "lap26_aspect_va_dev_146", "Aspect_VA": [{"Aspect": "screen", "VA": "7.29#7.29"}, {"Aspect": "keyboard", "VA": "7.34#7.43"}, {"Aspect": "battery life", "VA": "7.31#7.36"}, {"Aspect": "processor", "VA": "7.43#7.32"}, {"Aspect": "storage", "VA": "7.23#7.22"}]}
{"ID": "lap26_aspect_va_dev_147", "Aspect_VA": [{"Aspect": "HP", "VA": "7.26#7.29"}]}
{"ID": "lap26_aspect_va_dev_148", "Aspect_VA": [{"Aspect": "Backlight", "VA": "7.09#7.03"}]}
{"ID": "lap26_aspect_va_dev_149", "Aspect_VA": [{"Aspect": "computer", "VA": "7.82#7.69"}]}
{"ID": "lap26_aspect_va_dev_150", "Aspect_VA": [{"Aspect": "Hard drive", "VA": "3.32#6.26"}]}
{"ID": "lap26_aspect_va_dev_151", "Aspect_VA": [{"Aspect": "machine", "VA": "7.80#7.78"}]}
{"ID": "lap26_aspect_va_dev_152", "Aspect_VA": [{"Aspect": "computer", "VA": "3.05#6.11"}]}
{"ID": "lap26_aspect_va_dev_153", "Aspect_VA": [{"Aspect": "LAPTOP", "VA": "3.73#6.16"}]}
{"ID": "lap26_aspect_va_dev_154", "Aspect_VA": [{"Aspect": "laptop", "VA": "3.60#5.88"}]}
{"ID": "lap26_aspect_va_dev_155", "Aspect_VA": [{"Aspect": "processing", "VA": "7.82#7.63"}, {"Aspect": "systems", "VA": "7.65#7.50"}]}
{"ID": "lap26_aspect_va_dev_156", "Aspect_VA": [{"Aspect": "trackpad", "VA": "5.18#5.03"}]}
{"ID": "lap26_aspect_va_dev_157", "Aspect_VA": [{"Aspect": "screen", "VA": "7.97#7.94"}]}
{"ID": "lap26_aspect_va_dev_158", "Aspect_VA": [{"Aspect": "keyboard", "VA": "6.62#6.59"}]}
{"ID": "lap26_aspect_va_dev_159", "Aspect_VA": [{"Aspect": "Macbook", "VA": "6.61#6.59"}]}
{"ID": "lap26_aspect_va_dev_160", "Aspect_VA": [{"Aspect": "laptop", "VA": "7.09#7.04"}]}
{"ID": "lap26_aspect_va_dev_161", "Aspect_VA": [{"Aspect": "shipping", "VA": "7.44#7.36"}, {"Aspect": "quality", "VA": "7.64#7.57"}]}
{"ID": "lap26_aspect_va_dev_162", "Aspect_VA": [{"Aspect": "device", "VA": "7.77#7.44"}, {"Aspect": "Chromebook", "VA": "7.60#7.42"}]}
{"ID": "lap26_aspect_va_dev_163", "Aspect_VA": [{"Aspect": "notebook", "VA": "7.86#7.71"}]}
{"ID": "lap26_aspect_va_dev_164", "Aspect_VA": [{"Aspect": "Windows 10", "VA": "7.26#7.01"}]}
{"ID": "lap26_aspect_va_dev_165", "Aspect_VA": [{"Aspect": "battery life", "VA": "6.93#6.83"}, {"Aspect": "display", "VA": "6.65#6.38"}]}
{"ID": "lap26_aspect_va_dev_166", "Aspect_VA": [{"Aspect": "MacBook Pro 15", "VA": "7.90#7.79"}]}
{"ID": "lap26_aspect_va_dev_167", "Aspect_VA": [{"Aspect": "keyboard", "VA": "6.79#6.66"}, {"Aspect": "keys", "VA": "5.33#5.63"}]}
{"ID": "lap26_aspect_va_dev_168", "Aspect_VA": [{"Aspect": "laptop", "VA": "7.55#7.56"}]}
{"ID": "lap26_aspect_va_dev_169", "Aspect_VA": [{"Aspect": "fan", "VA": "5.65#5.75"}]}
{"ID": "lap26_aspect_va_dev_170", "Aspect_VA": [{"Aspect": "backlit keyboard", "VA": "7.54#7.43"}]}
{"ID": "lap26_aspect_va_dev_171", "Aspect_VA": [{"Aspect": "new Acer", "VA": "7.42#7.47"}]}
{"ID": "lap26_aspect_va_dev_172", "Aspect_VA": [{"Aspect": "i5 processor", "VA": "7.28#7.22"}]}
{"ID": "lap26_aspect_va_dev_173", "Aspect_VA": [{"Aspect": "hardware on this computer", "VA": "6.20#6.23"}]}
{"ID": "lap26_aspect_va_dev_174", "Aspect_VA": [{"Aspect": "price", "VA": "6.83#6.84"}]}
{"ID": "lap26_aspect_va_dev_175", "Aspect_VA": [{"Aspect": "display", "VA": "2.71#7.03"}]}
{"ID": "lap26_aspect_va_dev_176", "Aspect_VA": [{"Aspect": "value", "VA": "7.21#7.16"}]}
{"ID": "lap26_aspect_va_dev_177", "Aspect_VA": [{"Aspect": "battery life", "VA": "4.26#5.58"}]}
{"ID": "lap26_aspect_va_dev_178", "Aspect_VA": [{"Aspect": "windows 8", "VA": "5.02#5.25"}]}
{"ID": "lap26_aspect_va_dev_179", "Aspect_VA": [{"Aspect": "laptop", "VA": "7.13#6.97"}]}
{"ID": "lap26_aspect_va_dev_180", "Aspect_VA": [{"Aspect": "laptop", "VA": "7.88#7.83"}]}
{"ID": "lap26_aspect_va_dev_181", "Aspect_VA": [{"Aspect": "laptop", "VA": "7.24#7.16"}]}
{"ID": "lap26_aspect_va_dev_182", "Aspect_VA": [{"Aspect": "Chromebook", "VA": "7.52#7.50"}]}
{"ID": "lap26_aspect_va_dev_183", "Aspect_VA": [{"Aspect": "battery", "VA": "3.67#5.66"}]}
{"ID": "lap26_aspect_va_dev_184", "Aspect_VA": [{"Aspect": "Processing", "VA": "6.90#6.77"}, {"Aspect": "lag/delays", "VA": "5.95#6.10"}]}
{"ID": "lap26_aspect_va_dev_185", "Aspect_VA": [{"Aspect": "Price", "VA": "7.73#7.73"}]}
{"ID": "lap26_aspect_va_dev_186", "Aspect_VA": [{"Aspect": "32GB of Ram", "VA": "7.18#7.34"}]}
{"ID": "lap26_aspect_va_dev_187", "Aspect_VA": [{"Aspect": "laptop", "VA": "7.10#7.05"}, {"Aspect": "value", "VA": "6.91#6.94"}]}
{"ID": "lap26_aspect_va_dev_188", "Aspect_VA": [{"Aspect": "display", "VA": "7.61#7.60"}, {"Aspect": "resolution", "VA": "8.06#8.00"}]}
{"ID": "lap26_aspect_va_dev_189", "Aspect_VA": [{"Aspect": "Multi color backlit keyboard", "VA": "7.51#7.31"}]}
{"ID": "lap26_aspect_va_dev_190", "Aspect_VA": [{"Aspect": "features", "VA": "7.06#6.97"}]}
{"ID": "lap26_aspect_va_dev_191", "Aspect_VA": [{"Aspect": "Graphics", "VA": "7.39#7.29"}, {"Aspect": "volume", "VA": "7.58#7.39"}]}
{"ID": "lap26_aspect_va_dev_192", "Aspect_VA": [{"Aspect": "keyboard", "VA": "7.42#7.31"}, {"Aspect": "touchpad", "VA": "7.46#7.43"}]}
{"ID": "lap26_aspect_va_dev_193", "Aspect_VA": [{"Aspect": "Windows 10", "VA": "3.86#6.31"}]}
{"ID": "lap26_aspect_va_dev_194", "Aspect_VA": [{"Aspect": "Windows 8", "VA": "6.65#6.56"}]}
{"ID": "lap26_aspect_va_dev_195", "Aspect_VA": [{"Aspect": "speaker", "VA": "6.44#6.40"}]}
{"ID": "lap26_aspect_va_dev_196", "Aspect_VA": [{"Aspect": "laptop", "VA": "6.67#6.39"}]}
{"ID": "lap26_aspect_va_dev_197", "Aspect_VA": [{"Aspect": "Apple computer company", "VA": "7.02#6.99"}, {"Aspect": "computer", "VA": "7.20#6.95"}]}
{"ID": "lap26_aspect_va_dev_198", "Aspect_VA": [{"Aspect": "new touchprint feature", "VA": "6.76#6.78"}]}
{"ID": "lap26_aspect_va_dev_199", "Aspect_VA": [{"Aspect": "Chromebook", "VA": "7.44#7.31"}]}
{"ID": "lap26_aspect_va_dev_200", "Aspect_VA": [{"Aspect": "computer", "VA": "7.94#7.94"}]}
