[
    {
        "ID": "lap26_aspect_va_dev_1",
        "Target": "NULL",
        "Predicted_VA": "7.25#7.26"
    },
    {
        "ID": "lap26_aspect_va_dev_2",
        "Target": "NULL",
        "Predicted_VA": "2.76#6.68"
    },
    {
        "ID": "lap26_aspect_va_dev_3",
        "Target": "NULL",
        "Predicted_VA": "6.56#6.63"
    },
    {
        "ID": "lap26_aspect_va_dev_4",
        "Target": "NULL",
        "Predicted_VA": "7.09#7.12"
    },
    {
        "ID": "lap26_aspect_va_dev_5",
        "Target": "NULL",
        "Predicted_VA": "7.99#7.90"
    },
    {
        "ID": "lap26_aspect_va_dev_6",
        "Target": "NULL",
        "Predicted_VA": "7.78#7.73"
    },
    {
        "ID": "lap26_aspect_va_dev_7",
        "Target": "NULL",
        "Predicted_VA": "8.01#7.97"
    },
    {
        "ID": "lap26_aspect_va_dev_8",
        "Target": "NULL",
        "Predicted_VA": "7.68#7.57"
    },
    {
        "ID": "lap26_aspect_va_dev_9",
        "Target": "NULL",
        "Predicted_VA": "8.11#8.11"
    },
    {
        "ID": "lap26_aspect_va_dev_10",
        "Target": "NULL",
        "Predicted_VA": "7.98#7.97"
    },
    {
        "ID": "lap26_aspect_va_dev_11",
        "Target": "NULL",
        "Predicted_VA": "8.11#8.09"
    },
    {
        "ID": "lap26_aspect_va_dev_12",
        "Target": "NULL",
        "Predicted_VA": "7.31#7.27"
    },
    {
        "ID": "lap26_aspect_va_dev_13",
        "Target": "NULL",
        "Predicted_VA": "5.50#6.26"
    },
    {
        "ID": "lap26_aspect_va_dev_14",
        "Target": "NULL",
        "Predicted_VA": "7.88#7.88"
    },
    {
        "ID": "lap26_aspect_va_dev_15",
        "Target": "NULL",
        "Predicted_VA": "7.11#7.04"
    },
    {
        "ID": "lap26_aspect_va_dev_16",
        "Target": "NULL",
        "Predicted_VA": "7.89#7.85"
    },
    {
        "ID": "lap26_aspect_va_dev_17",
        "Target": "NULL",
        "Predicted_VA": "7.41#7.35"
    },
    {
        "ID": "lap26_aspect_va_dev_18",
        "Target": "NULL",
        "Predicted_VA": "2.88#6.73"
    },
    {
        "ID": "lap26_aspect_va_dev_19",
        "Target": "NULL",
        "Predicted_VA": "8.14#8.07"
    },
    {
        "ID": "lap26_aspect_va_dev_20",
        "Target": "NULL",
        "Predicted_VA": "7.99#7.98"
    },
    {
        "ID": "lap26_aspect_va_dev_21",
        "Target": "NULL",
        "Predicted_VA": "7.84#7.79"
    },
    {
        "ID": "lap26_aspect_va_dev_22",
        "Target": "NULL",
        "Predicted_VA": "7.01#7.03"
    },
    {
        "ID": "lap26_aspect_va_dev_23",
        "Target": "NULL",
        "Predicted_VA": "7.62#7.56"
    },
    {
        "ID": "lap26_aspect_va_dev_24",
        "Target": "NULL",
        "Predicted_VA": "7.45#7.43"
    },
    {
        "ID": "lap26_aspect_va_dev_25",
        "Target": "NULL",
        "Predicted_VA": "7.94#7.92"
    },
    {
        "ID": "lap26_aspect_va_dev_26",
        "Target": "NULL",
        "Predicted_VA": "7.93#7.86"
    },
    {
        "ID": "lap26_aspect_va_dev_27",
        "Target": "NULL",
        "Predicted_VA": "8.13#8.02"
    },
    {
        "ID": "lap26_aspect_va_dev_28",
        "Target": "NULL",
        "Predicted_VA": "3.91#6.61"
    },
    {
        "ID": "lap26_aspect_va_dev_29",
        "Target": "NULL",
        "Predicted_VA": "4.54#5.67"
    },
    {
        "ID": "lap26_aspect_va_dev_30",
        "Target": "NULL",
        "Predicted_VA": "4.11#6.31"
    },
    {
        "ID": "lap26_aspect_va_dev_31",
        "Target": "NULL",
        "Predicted_VA": "2.78#6.71"
    },
    {
        "ID": "lap26_aspect_va_dev_32",
        "Target": "NULL",
        "Predicted_VA": "8.16#8.13"
    },
    {
        "ID": "lap26_aspect_va_dev_33",
        "Target": "NULL",
        "Predicted_VA": "7.45#7.45"
    },
    {
        "ID": "lap26_aspect_va_dev_34",
        "Target": "NULL",
        "Predicted_VA": "8.03#7.97"
    },
    {
        "ID": "lap26_aspect_va_dev_35",
        "Target": "NULL",
        "Predicted_VA": "8.10#8.06"
    },
    {
        "ID": "lap26_aspect_va_dev_36",
        "Target": "NULL",
        "Predicted_VA": "7.40#7.34"
    },
    {
        "ID": "lap26_aspect_va_dev_37",
        "Target": "NULL",
        "Predicted_VA": "7.67#7.60"
    },
    {
        "ID": "lap26_aspect_va_dev_38",
        "Target": "NULL",
        "Predicted_VA": "7.83#7.75"
    },
    {
        "ID": "lap26_aspect_va_dev_39",
        "Target": "NULL",
        "Predicted_VA": "7.89#7.82"
    },
    {
        "ID": "lap26_aspect_va_dev_40",
        "Target": "NULL",
        "Predicted_VA": "7.95#7.93"
    },
    {
        "ID": "lap26_aspect_va_dev_41",
        "Target": "NULL",
        "Predicted_VA": "7.44#7.39"
    },
    {
        "ID": "lap26_aspect_va_dev_42",
        "Target": "NULL",
        "Predicted_VA": "8.01#7.97"
    },
    {
        "ID": "lap26_aspect_va_dev_43",
        "Target": "NULL",
        "Predicted_VA": "7.98#7.92"
    },
    {
        "ID": "lap26_aspect_va_dev_44",
        "Target": "NULL",
        "Predicted_VA": "7.87#7.81"
    },
    {
        "ID": "lap26_aspect_va_dev_45",
        "Target": "NULL",
        "Predicted_VA": "7.76#7.72"
    },
    {
        "ID": "lap26_aspect_va_dev_46",
        "Target": "NULL",
        "Predicted_VA": "2.81#6.66"
    },
    {
        "ID": "lap26_aspect_va_dev_47",
        "Target": "NULL",
        "Predicted_VA": "7.29#7.26"
    },
    {
        "ID": "lap26_aspect_va_dev_48",
        "Target": "NULL",
        "Predicted_VA": "7.97#7.91"
    },
    {
        "ID": "lap26_aspect_va_dev_49",
        "Target": "NULL",
        "Predicted_VA": "7.38#7.37"
    },
    {
        "ID": "lap26_aspect_va_dev_50",
        "Target": "NULL",
        "Predicted_VA": "7.34#7.30"
    },
    {
        "ID": "lap26_aspect_va_dev_51",
        "Target": "NULL",
        "Predicted_VA": "7.71#7.66"
    },
    {
        "ID": "lap26_aspect_va_dev_52",
        "Target": "NULL",
        "Predicted_VA": "3.75#6.13"
    },
    {
        "ID": "lap26_aspect_va_dev_53",
        "Target": "NULL",
        "Predicted_VA": "3.37#6.53"
    },
    {
        "ID": "lap26_aspect_va_dev_54",
        "Target": "NULL",
        "Predicted_VA": "7.05#7.17"
    },
    {
        "ID": "lap26_aspect_va_dev_55",
        "Target": "NULL",
        "Predicted_VA": "6.72#6.83"
    },
    {
        "ID": "lap26_aspect_va_dev_56",
        "Target": "NULL",
        "Predicted_VA": "7.19#7.12"
    },
    {
        "ID": "lap26_aspect_va_dev_57",
        "Target": "NULL",
        "Predicted_VA": "8.08#7.99"
    },
    {
        "ID": "lap26_aspect_va_dev_58",
        "Target": "NULL",
        "Predicted_VA": "6.96#7.06"
    },
    {
        "ID": "lap26_aspect_va_dev_59",
        "Target": "NULL",
        "Predicted_VA": "8.07#8.00"
    },
    {
        "ID": "lap26_aspect_va_dev_60",
        "Target": "NULL",
        "Predicted_VA": "7.58#7.49"
    },
    {
        "ID": "lap26_aspect_va_dev_61",
        "Target": "NULL",
        "Predicted_VA": "7.76#7.74"
    },
    {
        "ID": "lap26_aspect_va_dev_62",
        "Target": "NULL",
        "Predicted_VA": "7.23#7.12"
    },
    {
        "ID": "lap26_aspect_va_dev_63",
        "Target": "NULL",
        "Predicted_VA": "8.11#8.07"
    },
    {
        "ID": "lap26_aspect_va_dev_64",
        "Target": "NULL",
        "Predicted_VA": "4.13#5.81"
    },
    {
        "ID": "lap26_aspect_va_dev_65",
        "Target": "NULL",
        "Predicted_VA": "7.61#7.49"
    },
    {
        "ID": "lap26_aspect_va_dev_66",
        "Target": "NULL",
        "Predicted_VA": "8.15#8.16"
    },
    {
        "ID": "lap26_aspect_va_dev_67",
        "Target": "NULL",
        "Predicted_VA": "8.02#7.98"
    },
    {
        "ID": "lap26_aspect_va_dev_68",
        "Target": "NULL",
        "Predicted_VA": "6.03#6.22"
    },
    {
        "ID": "lap26_aspect_va_dev_69",
        "Target": "NULL",
        "Predicted_VA": "7.77#7.73"
    },
    {
        "ID": "lap26_aspect_va_dev_70",
        "Target": "NULL",
        "Predicted_VA": "4.73#5.92"
    },
    {
        "ID": "lap26_aspect_va_dev_71",
        "Target": "NULL",
        "Predicted_VA": "7.39#7.32"
    },
    {
        "ID": "lap26_aspect_va_dev_72",
        "Target": "NULL",
        "Predicted_VA": "8.09#8.03"
    },
    {
        "ID": "lap26_aspect_va_dev_73",
        "Target": "NULL",
        "Predicted_VA": "7.75#7.68"
    },
    {
        "ID": "lap26_aspect_va_dev_74",
        "Target": "NULL",
        "Predicted_VA": "7.54#7.46"
    },
    {
        "ID": "lap26_aspect_va_dev_75",
        "Target": "NULL",
        "Predicted_VA": "8.05#8.02"
    },
    {
        "ID": "lap26_aspect_va_dev_76",
        "Target": "NULL",
        "Predicted_VA": "6.93#6.95"
    },
    {
        "ID": "lap26_aspect_va_dev_77",
        "Target": "NULL",
        "Predicted_VA": "7.99#7.97"
    },
    {
        "ID": "lap26_aspect_va_dev_78",
        "Target": "NULL",
        "Predicted_VA": "8.03#7.97"
    },
    {
        "ID": "lap26_aspect_va_dev_79",
        "Target": "NULL",
        "Predicted_VA": "6.68#6.69"
    },
    {
        "ID": "lap26_aspect_va_dev_80",
        "Target": "NULL",
        "Predicted_VA": "3.26#6.68"
    },
    {
        "ID": "lap26_aspect_va_dev_81",
        "Target": "NULL",
        "Predicted_VA": "7.98#7.90"
    },
    {
        "ID": "lap26_aspect_va_dev_82",
        "Target": "NULL",
        "Predicted_VA": "4.93#5.56"
    },
    {
        "ID": "lap26_aspect_va_dev_83",
        "Target": "NULL",
        "Predicted_VA": "7.95#7.90"
    },
    {
        "ID": "lap26_aspect_va_dev_84",
        "Target": "NULL",
        "Predicted_VA": "7.90#7.86"
    },
    {
        "ID": "lap26_aspect_va_dev_85",
        "Target": "NULL",
        "Predicted_VA": "8.15#8.11"
    },
    {
        "ID": "lap26_aspect_va_dev_86",
        "Target": "NULL",
        "Predicted_VA": "4.57#6.42"
    },
    {
        "ID": "lap26_aspect_va_dev_87",
        "Target": "NULL",
        "Predicted_VA": "7.83#7.79"
    },
    {
        "ID": "lap26_aspect_va_dev_88",
        "Target": "NULL",
        "Predicted_VA": "8.08#8.01"
    },
    {
        "ID": "lap26_aspect_va_dev_89",
        "Target": "NULL",
        "Predicted_VA": "8.09#8.00"
    },
    {
        "ID": "lap26_aspect_va_dev_90",
        "Target": "NULL",
        "Predicted_VA": "5.88#6.25"
    },
    {
        "ID": "lap26_aspect_va_dev_91",
        "Target": "NULL",
        "Predicted_VA": "8.08#8.07"
    },
    {
        "ID": "lap26_aspect_va_dev_92",
        "Target": "NULL",
        "Predicted_VA": "6.65#6.77"
    },
    {
        "ID": "lap26_aspect_va_dev_93",
        "Target": "NULL",
        "Predicted_VA": "6.38#6.44"
    },
    {
        "ID": "lap26_aspect_va_dev_94",
        "Target": "NULL",
        "Predicted_VA": "2.91#6.72"
    },
    {
        "ID": "lap26_aspect_va_dev_95",
        "Target": "NULL",
        "Predicted_VA": "8.07#8.05"
    },
    {
        "ID": "lap26_aspect_va_dev_96",
        "Target": "NULL",
        "Predicted_VA": "7.91#7.93"
    },
    {
        "ID": "lap26_aspect_va_dev_97",
        "Target": "NULL",
        "Predicted_VA": "3.20#6.55"
    },
    {
        "ID": "lap26_aspect_va_dev_98",
        "Target": "NULL",
        "Predicted_VA": "7.39#7.37"
    },
    {
        "ID": "lap26_aspect_va_dev_99",
        "Target": "NULL",
        "Predicted_VA": "4.82#5.82"
    },
    {
        "ID": "lap26_aspect_va_dev_100",
        "Target": "NULL",
        "Predicted_VA": "7.06#7.03"
    },
    {
        "ID": "lap26_aspect_va_dev_101",
        "Target": "NULL",
        "Predicted_VA": "7.22#7.17"
    },
    {
        "ID": "lap26_aspect_va_dev_102",
        "Target": "NULL",
        "Predicted_VA": "7.67#7.65"
    },
    {
        "ID": "lap26_aspect_va_dev_103",
        "Target": "NULL",
        "Predicted_VA": "5.84#6.62"
    },
    {
        "ID": "lap26_aspect_va_dev_104",
        "Target": "NULL",
        "Predicted_VA": "4.20#5.63"
    },
    {
        "ID": "lap26_aspect_va_dev_105",
        "Target": "NULL",
        "Predicted_VA": "2.79#6.74"
    },
    {
        "ID": "lap26_aspect_va_dev_106",
        "Target": "NULL",
        "Predicted_VA": "7.96#7.92"
    },
    {
        "ID": "lap26_aspect_va_dev_107",
        "Target": "NULL",
        "Predicted_VA": "7.69#7.65"
    },
    {
        "ID": "lap26_aspect_va_dev_108",
        "Target": "NULL",
        "Predicted_VA": "2.84#6.70"
    },
    {
        "ID": "lap26_aspect_va_dev_109",
        "Target": "NULL",
        "Predicted_VA": "3.00#6.72"
    },
    {
        "ID": "lap26_aspect_va_dev_110",
        "Target": "NULL",
        "Predicted_VA": "8.18#8.14"
    },
    {
        "ID": "lap26_aspect_va_dev_111",
        "Target": "NULL",
        "Predicted_VA": "8.12#8.03"
    },
    {
        "ID": "lap26_aspect_va_dev_112",
        "Target": "NULL",
        "Predicted_VA": "7.73#7.64"
    },
    {
        "ID": "lap26_aspect_va_dev_113",
        "Target": "NULL",
        "Predicted_VA": "4.28#5.53"
    },
    {
        "ID": "lap26_aspect_va_dev_114",
        "Target": "NULL",
        "Predicted_VA": "7.94#7.91"
    },
    {
        "ID": "lap26_aspect_va_dev_115",
        "Target": "NULL",
        "Predicted_VA": "6.98#7.06"
    },
    {
        "ID": "lap26_aspect_va_dev_116",
        "Target": "NULL",
        "Predicted_VA": "3.86#5.97"
    },
    {
        "ID": "lap26_aspect_va_dev_117",
        "Target": "NULL",
        "Predicted_VA": "7.64#7.62"
    },
    {
        "ID": "lap26_aspect_va_dev_118",
        "Target": "NULL",
        "Predicted_VA": "7.94#7.92"
    },
    {
        "ID": "lap26_aspect_va_dev_119",
        "Target": "NULL",
        "Predicted_VA": "3.69#6.20"
    },
    {
        "ID": "lap26_aspect_va_dev_120",
        "Target": "NULL",
        "Predicted_VA": "3.80#6.05"
    },
    {
        "ID": "lap26_aspect_va_dev_121",
        "Target": "NULL",
        "Predicted_VA": "8.09#8.11"
    },
    {
        "ID": "lap26_aspect_va_dev_122",
        "Target": "NULL",
        "Predicted_VA": "6.50#6.91"
    },
    {
        "ID": "lap26_aspect_va_dev_123",
        "Target": "NULL",
        "Predicted_VA": "7.33#7.38"
    },
    {
        "ID": "lap26_aspect_va_dev_124",
        "Target": "NULL",
        "Predicted_VA": "2.85#6.70"
    },
    {
        "ID": "lap26_aspect_va_dev_125",
        "Target": "NULL",
        "Predicted_VA": "6.32#6.61"
    },
    {
        "ID": "lap26_aspect_va_dev_126",
        "Target": "NULL",
        "Predicted_VA": "6.25#6.38"
    },
    {
        "ID": "lap26_aspect_va_dev_127",
        "Target": "NULL",
        "Predicted_VA": "7.74#7.70"
    },
    {
        "ID": "lap26_aspect_va_dev_128",
        "Target": "NULL",
        "Predicted_VA": "7.69#7.59"
    },
    {
        "ID": "lap26_aspect_va_dev_129",
        "Target": "NULL",
        "Predicted_VA": "3.02#6.71"
    },
    {
        "ID": "lap26_aspect_va_dev_130",
        "Target": "NULL",
        "Predicted_VA": "8.13#8.14"
    },
    {
        "ID": "lap26_aspect_va_dev_131",
        "Target": "NULL",
        "Predicted_VA": "7.40#7.41"
    },
    {
        "ID": "lap26_aspect_va_dev_132",
        "Target": "NULL",
        "Predicted_VA": "8.13#8.09"
    },
    {
        "ID": "lap26_aspect_va_dev_133",
        "Target": "NULL",
        "Predicted_VA": "4.08#5.69"
    },
    {
        "ID": "lap26_aspect_va_dev_134",
        "Target": "NULL",
        "Predicted_VA": "2.88#6.76"
    },
    {
        "ID": "lap26_aspect_va_dev_135",
        "Target": "NULL",
        "Predicted_VA": "6.20#7.08"
    },
    {
        "ID": "lap26_aspect_va_dev_136",
        "Target": "NULL",
        "Predicted_VA": "7.73#7.63"
    },
    {
        "ID": "lap26_aspect_va_dev_137",
        "Target": "NULL",
        "Predicted_VA": "5.41#5.84"
    },
    {
        "ID": "lap26_aspect_va_dev_138",
        "Target": "NULL",
        "Predicted_VA": "7.90#7.89"
    },
    {
        "ID": "lap26_aspect_va_dev_139",
        "Target": "NULL",
        "Predicted_VA": "6.89#6.90"
    },
    {
        "ID": "lap26_aspect_va_dev_140",
        "Target": "NULL",
        "Predicted_VA": "7.98#7.92"
    },
    {
        "ID": "lap26_aspect_va_dev_141",
        "Target": "NULL",
        "Predicted_VA": "8.03#7.93"
    },
    {
        "ID": "lap26_aspect_va_dev_142",
        "Target": "NULL",
        "Predicted_VA": "3.51#6.33"
    },
    {
        "ID": "lap26_aspect_va_dev_143",
        "Target": "NULL",
        "Predicted_VA": "8.14#8.10"
    },
    {
        "ID": "lap26_aspect_va_dev_144",
        "Target": "NULL",
        "Predicted_VA": "8.00#7.92"
    },
    {
        "ID": "lap26_aspect_va_dev_145",
        "Target": "NULL",
        "Predicted_VA": "6.16#6.31"
    },
    {
        "ID": "lap26_aspect_va_dev_146",
        "Target": "NULL",
        "Predicted_VA": "7.94#7.92"
    },
    {
        "ID": "lap26_aspect_va_dev_147",
        "Target": "NULL",
        "Predicted_VA": "7.65#7.56"
    },
    {
        "ID": "lap26_aspect_va_dev_148",
        "Target": "NULL",
        "Predicted_VA": "7.38#7.38"
    },
    {
        "ID": "lap26_aspect_va_dev_149",
        "Target": "NULL",
        "Predicted_VA": "8.10#8.03"
    },
    {
        "ID": "lap26_aspect_va_dev_150",
        "Target": "NULL",
        "Predicted_VA": "2.87#6.72"
    },
    {
        "ID": "lap26_aspect_va_dev_151",
        "Target": "NULL",
        "Predicted_VA": "8.07#8.02"
    },
    {
        "ID": "lap26_aspect_va_dev_152",
        "Target": "NULL",
        "Predicted_VA": "2.99#6.67"
    },
    {
        "ID": "lap26_aspect_va_dev_153",
        "Target": "NULL",
        "Predicted_VA": "3.07#6.81"
    },
    {
        "ID": "lap26_aspect_va_dev_154",
        "Target": "NULL",
        "Predicted_VA": "4.08#5.86"
    },
    {
        "ID": "lap26_aspect_va_dev_155",
        "Target": "NULL",
        "Predicted_VA": "8.08#8.07"
    },
    {
        "ID": "lap26_aspect_va_dev_156",
        "Target": "NULL",
        "Predicted_VA": "4.17#5.58"
    },
    {
        "ID": "lap26_aspect_va_dev_157",
        "Target": "NULL",
        "Predicted_VA": "8.19#8.16"
    },
    {
        "ID": "lap26_aspect_va_dev_158",
        "Target": "NULL",
        "Predicted_VA": "7.24#7.22"
    },
    {
        "ID": "lap26_aspect_va_dev_159",
        "Target": "NULL",
        "Predicted_VA": "6.50#6.62"
    },
    {
        "ID": "lap26_aspect_va_dev_160",
        "Target": "NULL",
        "Predicted_VA": "7.60#7.60"
    },
    {
        "ID": "lap26_aspect_va_dev_161",
        "Target": "NULL",
        "Predicted_VA": "7.87#7.83"
    },
    {
        "ID": "lap26_aspect_va_dev_162",
        "Target": "NULL",
        "Predicted_VA": "7.99#7.92"
    },
    {
        "ID": "lap26_aspect_va_dev_163",
        "Target": "NULL",
        "Predicted_VA": "8.20#8.17"
    },
    {
        "ID": "lap26_aspect_va_dev_164",
        "Target": "NULL",
        "Predicted_VA": "7.28#7.24"
    },
    {
        "ID": "lap26_aspect_va_dev_165",
        "Target": "NULL",
        "Predicted_VA": "7.30#7.27"
    },
    {
        "ID": "lap26_aspect_va_dev_166",
        "Target": "NULL",
        "Predicted_VA": "7.75#7.64"
    },
    {
        "ID": "lap26_aspect_va_dev_167",
        "Target": "NULL",
        "Predicted_VA": "5.44#5.82"
    },
    {
        "ID": "lap26_aspect_va_dev_168",
        "Target": "NULL",
        "Predicted_VA": "7.00#7.06"
    },
    {
        "ID": "lap26_aspect_va_dev_169",
        "Target": "NULL",
        "Predicted_VA": "4.45#5.59"
    },
    {
        "ID": "lap26_aspect_va_dev_170",
        "Target": "NULL",
        "Predicted_VA": "7.97#7.91"
    },
    {
        "ID": "lap26_aspect_va_dev_171",
        "Target": "NULL",
        "Predicted_VA": "7.99#7.99"
    },
    {
        "ID": "lap26_aspect_va_dev_172",
        "Target": "NULL",
        "Predicted_VA": "7.55#7.52"
    },
    {
        "ID": "lap26_aspect_va_dev_173",
        "Target": "NULL",
        "Predicted_VA": "4.30#5.91"
    },
    {
        "ID": "lap26_aspect_va_dev_174",
        "Target": "NULL",
        "Predicted_VA": "7.44#7.41"
    },
    {
        "ID": "lap26_aspect_va_dev_175",
        "Target": "NULL",
        "Predicted_VA": "2.84#6.69"
    },
    {
        "ID": "lap26_aspect_va_dev_176",
        "Target": "NULL",
        "Predicted_VA": "7.90#7.86"
    },
    {
        "ID": "lap26_aspect_va_dev_177",
        "Target": "NULL",
        "Predicted_VA": "6.60#6.72"
    },
    {
        "ID": "lap26_aspect_va_dev_178",
        "Target": "NULL",
        "Predicted_VA": "4.35#5.83"
    },
    {
        "ID": "lap26_aspect_va_dev_179",
        "Target": "NULL",
        "Predicted_VA": "7.26#7.22"
    },
    {
        "ID": "lap26_aspect_va_dev_180",
        "Target": "NULL",
        "Predicted_VA": "8.15#8.09"
    },
    {
        "ID": "lap26_aspect_va_dev_181",
        "Target": "NULL",
        "Predicted_VA": "7.00#7.03"
    },
    {
        "ID": "lap26_aspect_va_dev_182",
        "Target": "NULL",
        "Predicted_VA": "8.08#8.02"
    },
    {
        "ID": "lap26_aspect_va_dev_183",
        "Target": "NULL",
        "Predicted_VA": "4.37#5.60"
    },
    {
        "ID": "lap26_aspect_va_dev_184",
        "Target": "NULL",
        "Predicted_VA": "6.17#6.34"
    },
    {
        "ID": "lap26_aspect_va_dev_185",
        "Target": "NULL",
        "Predicted_VA": "7.69#7.70"
    },
    {
        "ID": "lap26_aspect_va_dev_186",
        "Target": "NULL",
        "Predicted_VA": "7.52#7.44"
    },
    {
        "ID": "lap26_aspect_va_dev_187",
        "Target": "NULL",
        "Predicted_VA": "7.93#7.92"
    },
    {
        "ID": "lap26_aspect_va_dev_188",
        "Target": "NULL",
        "Predicted_VA": "7.92#7.87"
    },
    {
        "ID": "lap26_aspect_va_dev_189",
        "Target": "NULL",
        "Predicted_VA": "7.85#7.79"
    },
    {
        "ID": "lap26_aspect_va_dev_190",
        "Target": "NULL",
        "Predicted_VA": "7.82#7.73"
    },
    {
        "ID": "lap26_aspect_va_dev_191",
        "Target": "NULL",
        "Predicted_VA": "8.00#7.96"
    },
    {
        "ID": "lap26_aspect_va_dev_192",
        "Target": "NULL",
        "Predicted_VA": "7.53#7.47"
    },
    {
        "ID": "lap26_aspect_va_dev_193",
        "Target": "NULL",
        "Predicted_VA": "3.78#6.32"
    },
    {
        "ID": "lap26_aspect_va_dev_194",
        "Target": "NULL",
        "Predicted_VA": "5.63#5.89"
    },
    {
        "ID": "lap26_aspect_va_dev_195",
        "Target": "NULL",
        "Predicted_VA": "6.69#6.73"
    },
    {
        "ID": "lap26_aspect_va_dev_196",
        "Target": "NULL",
        "Predicted_VA": "6.34#6.45"
    },
    {
        "ID": "lap26_aspect_va_dev_197",
        "Target": "NULL",
        "Predicted_VA": "7.31#7.22"
    },
    {
        "ID": "lap26_aspect_va_dev_198",
        "Target": "NULL",
        "Predicted_VA": "7.35#7.34"
    },
    {
        "ID": "lap26_aspect_va_dev_199",
        "Target": "NULL",
        "Predicted_VA": "7.96#7.88"
    },
    {
        "ID": "lap26_aspect_va_dev_200",
        "Target": "NULL",
        "Predicted_VA": "8.15#8.15"
    }
]